COUNTRY,CODE,YEAR,ILLITERACY_RATE,LITERACY_RATE,ILLITERACY%,LITERACY GROWTH RATE,ILLITERACY TO LITERACY RATIO
AFGHANISTAN,AFG,2011,69.0,31.0,69.0,0.0,2.225806451612903
AFGHANISTAN,AFG,2015,66.246155,33.75384,66.25,8.883354838709657,1.962625733842431
AFGHANISTAN,AFG,2021,63.0,37.0,63.0,9.61715763302784,1.7027027027027026
ALBANIA,ALB,2001,1.0,99.0,1.0,0.0,0.010101010101010102
ALBANIA,ALB,2008,4.0,96.0,4.0,-3.0303030303030276,0.041666666666666664
ALBANIA,ALB,2011,3.0,97.0,3.0,1.041666666666674,0.030927835051546393
ALBANIA,ALB,2012,3.0,97.0,3.0,0.0,0.030927835051546393
ALBANIA,ALB,2017,1.1837692,98.81623,1.18,1.8724020618556825,0.01197950174784041
ALGERIA,DZA,2002,30.0,70.0,30.0,0.0,0.42857142857142855
ALGERIA,DZA,2006,27.0,73.0,27.0,4.285714285714293,0.3698630136986301
ALGERIA,DZA,2008,25.0,75.0,25.0,2.7397260273972712,0.3333333333333333
ANGOLA,AGO,2001,33.0,67.0,33.0,0.0,0.4925373134328358
ANGOLA,AGO,2014,34.0,66.0,34.0,-1.4925373134328401,0.5151515151515151
ANGOLA,AGO,2015,33.764137,66.23586,33.76,0.3573636363636501,0.5097561502183258
ANTIGUA AND BARBUDA,ATG,2001,1.0,99.0,1.0,0.0,0.010101010101010102
ARGENTINA,ARG,1991,4.0,96.0,4.0,0.0,0.041666666666666664
ARGENTINA,ARG,2001,3.0,97.0,3.0,1.041666666666674,0.030927835051546393
ARMENIA,ARM,2001,1.0,99.0,1.0,0.0,0.010101010101010102
ARMENIA,ARM,2011,0.0,100.0,0.0,1.0101010101010166,0.0
ARMENIA,ARM,2016,0.0,100.0,0.0,0.0,0.0
ARMENIA,ARM,2017,0.0,100.0,0.0,0.0,0.0
ARMENIA,ARM,2020,0.0,100.0,0.0,0.0,0.0
ARMENIA,ARM,2022,0.17500305,99.825,0.18,-0.17499999999999183,0.001753098422238918
ARUBA,ABW,2000,3.0,97.0,3.0,0.0,0.030927835051546393
ARUBA,ABW,2010,3.0,97.0,3.0,0.0,0.030927835051546393
AZERBAIJAN,AZE,1999,1.0,99.0,1.0,0.0,0.010101010101010102
AZERBAIJAN,AZE,2007,0.0,100.0,0.0,1.0101010101010166,0.0
AZERBAIJAN,AZE,2009,0.0,100.0,0.0,0.0,0.0
AZERBAIJAN,AZE,2010,0.0,100.0,0.0,0.0,0.0
AZERBAIJAN,AZE,2011,0.0,100.0,0.0,0.0,0.0
AZERBAIJAN,AZE,2012,0.0,100.0,0.0,0.0,0.0
AZERBAIJAN,AZE,2013,0.0,100.0,0.0,0.0,0.0
AZERBAIJAN,AZE,2014,0.0,100.0,0.0,0.0,0.0
AZERBAIJAN,AZE,2015,0.0,100.0,0.0,0.0,0.0
AZERBAIJAN,AZE,2016,0.0,100.0,0.0,0.0,0.0
AZERBAIJAN,AZE,2017,0.0,100.0,0.0,0.0,0.0
AZERBAIJAN,AZE,2019,0.0,100.0,0.0,0.0,0.0
AZERBAIJAN,AZE,2023,0.0,100.0,0.0,0.0,0.0
BAHRAIN,BHR,1991,16.0,84.0,16.0,0.0,0.19047619047619047
BAHRAIN,BHR,2001,13.0,87.0,13.0,3.571428571428581,0.14942528735632185
BAHRAIN,BHR,2022,2.0,98.0,2.0,12.643678160919535,0.02040816326530612
BAHRAIN,BHR,2023,2.0,98.0,2.0,0.0,0.02040816326530612
BANGLADESH,BGD,1991,65.0,35.0,65.0,0.0,1.8571428571428572
BANGLADESH,BGD,2001,53.0,47.0,53.0,34.28571428571428,1.127659574468085
BANGLADESH,BGD,2011,41.0,59.0,41.0,25.531914893617014,0.6949152542372882
BANGLADESH,BGD,2012,42.0,58.0,42.0,-1.6949152542372836,0.7241379310344828
BANGLADESH,BGD,2013,39.0,61.0,39.0,5.1724137931034475,0.639344262295082
BANGLADESH,BGD,2014,39.0,61.0,39.0,0.0,0.639344262295082
BANGLADESH,BGD,2015,35.0,65.0,35.0,6.557377049180335,0.5384615384615384
BANGLADESH,BGD,2016,27.0,73.0,27.0,12.307692307692308,0.3698630136986301
BANGLADESH,BGD,2017,27.0,73.0,27.0,0.0,0.3698630136986301
BANGLADESH,BGD,2018,26.0,74.0,26.0,1.3698630136986356,0.35135135135135137
BANGLADESH,BGD,2019,25.0,75.0,25.0,1.3513513513513598,0.3333333333333333
BANGLADESH,BGD,2020,25.0,75.0,25.0,0.0,0.3333333333333333
BANGLADESH,BGD,2021,24.0,76.0,24.0,1.333333333333342,0.3157894736842105
BANGLADESH,BGD,2022,21.0,79.0,21.0,3.9473684210526327,0.26582278481012656
BELARUS,BLR,1999,0.0,100.0,0.0,0.0,0.0
BELARUS,BLR,2009,0.0,100.0,0.0,0.0,0.0
BELARUS,BLR,2019,0.0,100.0,0.0,0.0,0.0
BELIZE,BLZ,1991,30.0,70.0,30.0,0.0,0.42857142857142855
BELIZE,BLZ,2015,9.0839615,90.91604,9.08,29.88005714285713,0.09991593892562851
BENIN,BEN,1992,73.0,27.0,73.0,0.0,2.7037037037037037
BENIN,BEN,2002,65.0,35.0,65.0,29.629629629629626,1.8571428571428572
BENIN,BEN,2017,61.12879,38.87121,61.13,11.060599999999997,1.5725980745132453
BENIN,BEN,2019,51.00172,48.99828,51.0,26.052880782460864,1.0408879658632915
BENIN,BEN,2021,56.16583,43.83417,56.17,-10.539369953394285,1.2813252766049865
BENIN,BEN,2022,48.62123,51.37877,48.62,17.211686681873985,0.9463291939452811
BHUTAN,BTN,2005,47.0,53.0,47.0,0.0,0.8867924528301887
BHUTAN,BTN,2012,45.0,55.0,45.0,3.7735849056603765,0.8181818181818182
BHUTAN,BTN,2017,33.0,67.0,33.0,21.818181818181827,0.4925373134328358
BOLIVIA,BOL,1992,20.0,80.0,20.0,0.0,0.25
BOLIVIA,BOL,2001,13.0,87.0,13.0,8.749999999999991,0.14942528735632185
BOLIVIA,BOL,2007,9.0,91.0,9.0,4.597701149425282,0.0989010989010989
BOLIVIA,BOL,2008,9.0,91.0,9.0,0.0,0.0989010989010989
BOLIVIA,BOL,2009,9.0,91.0,9.0,0.0,0.0989010989010989
BOLIVIA,BOL,2011,8.0,92.0,8.0,1.098901098901095,0.08695652173913043
BOLIVIA,BOL,2012,6.0,94.0,6.0,2.1739130434782705,0.06382978723404255
BOLIVIA,BOL,2015,8.0,92.0,8.0,-2.127659574468088,0.08695652173913043
BOLIVIA,BOL,2020,6.0,94.0,6.0,2.1739130434782705,0.06382978723404255
BOSNIA AND HERZEGOVINA,BIH,1991,11.0,89.0,11.0,0.0,0.12359550561797752
BOSNIA AND HERZEGOVINA,BIH,2000,3.0,97.0,3.0,8.98876404494382,0.030927835051546393
BOSNIA AND HERZEGOVINA,BIH,2013,3.0,97.0,3.0,0.0,0.030927835051546393
BOTSWANA,BWA,1991,31.0,69.0,31.0,0.0,0.4492753623188406
BOTSWANA,BWA,2003,19.0,81.0,19.0,17.391304347826097,0.2345679012345679
BRAZIL,BRA,2000,14.0,86.0,14.0,0.0,0.16279069767441862
BRAZIL,BRA,2004,11.0,89.0,11.0,3.488372093023262,0.12359550561797752
BRAZIL,BRA,2006,10.0,90.0,10.0,1.1235955056179803,0.1111111111111111
BRAZIL,BRA,2007,10.0,90.0,10.0,0.0,0.1111111111111111
BRAZIL,BRA,2008,10.0,90.0,10.0,0.0,0.1111111111111111
BRAZIL,BRA,2009,10.0,90.0,10.0,0.0,0.1111111111111111
BRAZIL,BRA,2010,10.0,90.0,10.0,0.0,0.1111111111111111
BRAZIL,BRA,2011,9.0,91.0,9.0,1.1111111111111072,0.0989010989010989
BRAZIL,BRA,2012,9.0,91.0,9.0,0.0,0.0989010989010989
BRAZIL,BRA,2013,9.0,91.0,9.0,0.0,0.0989010989010989
BRAZIL,BRA,2014,8.0,92.0,8.0,1.098901098901095,0.08695652173913043
BRAZIL,BRA,2015,8.0,92.0,8.0,0.0,0.08695652173913043
BRAZIL,BRA,2016,7.0,93.0,7.0,1.0869565217391353,0.07526881720430108
BRAZIL,BRA,2017,7.0,93.0,7.0,0.0,0.07526881720430108
BRAZIL,BRA,2018,7.0,93.0,7.0,0.0,0.07526881720430108
BRUNEI,BRN,1991,12.0,88.0,12.0,0.0,0.13636363636363635
BRUNEI,BRN,2001,7.0,93.0,7.0,5.681818181818188,0.07526881720430108
BRUNEI,BRN,2011,4.0,96.0,4.0,3.2258064516129004,0.041666666666666664
BULGARIA,BGR,2001,2.0,98.0,2.0,0.0,0.02040816326530612
BULGARIA,BGR,2011,2.0,98.0,2.0,0.0,0.02040816326530612
BURKINA FASO,BFA,1991,86.0,14.0,86.0,0.0,6.142857142857143
BURKINA FASO,BFA,1996,87.0,13.0,87.0,-7.14285714285714,6.6923076923076925
BURKINA FASO,BFA,2003,78.0,22.0,78.0,69.23076923076923,3.5454545454545454
BURKINA FASO,BFA,2005,76.0,24.0,76.0,9.090909090909083,3.1666666666666665
BURKINA FASO,BFA,2006,78.0,22.0,78.0,-8.333333333333337,3.5454545454545454
BURKINA FASO,BFA,2007,72.0,28.0,72.0,27.27272727272727,2.5714285714285716
BURKINA FASO,BFA,2014,65.0,35.0,65.0,25.0,1.8571428571428572
BURKINA FASO,BFA,2018,61.0,39.0,61.0,11.428571428571432,1.564102564102564
BURKINA FASO,BFA,2019,70.0,30.0,70.0,-23.076923076923073,2.3333333333333335
BURKINA FASO,BFA,2021,63.03262,36.96738,63.03,23.224599999999995,1.7050875663896117
BURKINA FASO,BFA,2022,59.07639,40.92361,59.08,10.701948582777575,1.4435771917482356
BURUNDI,BDI,1990,63.0,37.0,63.0,0.0,1.7027027027027026
BURUNDI,BDI,2000,41.0,59.0,41.0,59.45945945945945,0.6949152542372882
BURUNDI,BDI,2008,52.0,48.0,52.0,-18.644067796610166,1.0833333333333333
BURUNDI,BDI,2014,38.0,62.0,38.0,29.166666666666675,0.6129032258064516
BURUNDI,BDI,2016,34.312263,65.68774,34.31,5.947967741935489,0.5223541409705982
BURUNDI,BDI,2017,32.0,68.0,32.0,3.520078480398303,0.47058823529411764
CAMBODIA,KHM,1998,33.0,67.0,33.0,0.0,0.4925373134328358
CAMBODIA,KHM,2004,26.0,74.0,26.0,10.447761194029859,0.35135135135135137
CAMBODIA,KHM,2008,23.0,77.0,23.0,4.054054054054057,0.2987012987012987
CAMBODIA,KHM,2009,24.0,76.0,24.0,-1.2987012987012991,0.3157894736842105
CAMBODIA,KHM,2014,22.0,78.0,22.0,2.6315789473684292,0.28205128205128205
CAMBODIA,KHM,2015,19.0,81.0,19.0,3.8461538461538547,0.2345679012345679
CAMBODIA,KHM,2021,28.072746,71.92725,28.07,-11.200925925925919,0.3902936091675964
CAMEROON,CMR,2000,32.0,68.0,32.0,0.0,0.47058823529411764
CAMEROON,CMR,2007,29.0,71.0,29.0,4.4117647058823595,0.4084507042253521
CAMEROON,CMR,2010,29.0,71.0,29.0,0.0,0.4084507042253521
CAMEROON,CMR,2018,27.452873,72.54713,27.45,2.1790563380281736,0.3784143218346474
CAPE VERDE,CPV,1990,37.0,63.0,37.0,0.0,0.5873015873015873
CAPE VERDE,CPV,2012,15.0,85.0,15.0,34.92063492063493,0.17647058823529413
CAPE VERDE,CPV,2015,13.0,87.0,13.0,2.35294117647058,0.14942528735632185
CAYMAN ISLANDS,CYM,2007,1.0,99.0,1.0,0.0,0.010101010101010102
CENTRAL AFRICAN REPUBLIC,CAF,2000,49.0,51.0,49.0,0.0,0.9607843137254902
CENTRAL AFRICAN REPUBLIC,CAF,2019,57.55721,42.44279,57.56,-16.778843137254896,1.3561127814641778
CHAD,TCD,1993,89.0,11.0,89.0,0.0,8.090909090909092
CHAD,TCD,2000,74.0,26.0,74.0,136.36363636363637,2.8461538461538463
CHAD,TCD,2004,72.0,28.0,72.0,7.692307692307687,2.5714285714285716
CHAD,TCD,2016,78.0,22.0,78.0,-21.42857142857143,3.5454545454545454
CHAD,TCD,2019,69.37208,30.62792,69.37,39.217818181818174,2.2649948151882335
CHILE,CHL,1992,6.0,94.0,6.0,0.0,0.06382978723404255
CHILE,CHL,2002,4.0,96.0,4.0,2.127659574468077,0.041666666666666664
CHILE,CHL,2011,3.0,97.0,3.0,1.041666666666674,0.030927835051546393
CHILE,CHL,2013,4.0,96.0,4.0,-1.0309278350515427,0.041666666666666664
CHILE,CHL,2015,3.0,97.0,3.0,1.041666666666674,0.030927835051546393
CHILE,CHL,2017,4.0,96.0,4.0,-1.0309278350515427,0.041666666666666664
CHINA,CHN,1990,22.0,78.0,22.0,0.0,0.28205128205128205
CHINA,CHN,2000,9.0,91.0,9.0,16.666666666666675,0.0989010989010989
CHINA,CHN,2010,5.0,95.0,5.0,4.395604395604402,0.05263157894736842
CHINA,CHN,2020,3.0,97.0,3.0,2.1052631578947434,0.030927835051546393
COLOMBIA,COL,1993,9.0,91.0,9.0,0.0,0.0989010989010989
COLOMBIA,COL,1996,9.0,91.0,9.0,0.0,0.0989010989010989
COLOMBIA,COL,2004,7.0,93.0,7.0,2.19780219780219,0.07526881720430108
COLOMBIA,COL,2005,7.0,93.0,7.0,0.0,0.07526881720430108
COLOMBIA,COL,2006,8.0,92.0,8.0,-1.0752688172043001,0.08695652173913043
COLOMBIA,COL,2007,7.0,93.0,7.0,1.0869565217391353,0.07526881720430108
COLOMBIA,COL,2008,7.0,93.0,7.0,0.0,0.07526881720430108
COLOMBIA,COL,2009,7.0,93.0,7.0,0.0,0.07526881720430108
COLOMBIA,COL,2010,7.0,93.0,7.0,0.0,0.07526881720430108
COLOMBIA,COL,2011,6.0,94.0,6.0,1.0752688172043001,0.06382978723404255
COLOMBIA,COL,2014,6.0,94.0,6.0,0.0,0.06382978723404255
COLOMBIA,COL,2015,6.0,94.0,6.0,0.0,0.06382978723404255
COLOMBIA,COL,2016,5.0,95.0,5.0,1.0638297872340496,0.05263157894736842
COLOMBIA,COL,2018,5.0,95.0,5.0,0.0,0.05263157894736842
COLOMBIA,COL,2019,5.0,95.0,5.0,0.0,0.05263157894736842
COLOMBIA,COL,2020,4.0,96.0,4.0,1.0526315789473717,0.041666666666666664
COMOROS,COM,2000,32.0,68.0,32.0,0.0,0.47058823529411764
CONGO,COG,2005,24.0,76.0,24.0,0.0,0.3157894736842105
COSTA RICA,CRI,2000,5.0,95.0,5.0,0.0,0.05263157894736842
COSTA RICA,CRI,2011,3.0,97.0,3.0,2.1052631578947434,0.030927835051546393
COTE D'IVOIRE,CIV,1998,64.0,36.0,64.0,0.0,1.7777777777777777
COTE D'IVOIRE,CIV,2000,51.0,49.0,51.0,36.111111111111114,1.0408163265306123
COTE D'IVOIRE,CIV,2014,56.0,44.0,56.0,-10.204081632653061,1.2727272727272727
COTE D'IVOIRE,CIV,2016,49.96032,50.03968,49.96,13.726545454545459,0.9984140586030927
COTE D'IVOIRE,CIV,2021,49.99936,50.00064,50.0,-0.07801808484786399,0.9999744003276759
CROATIA,HRV,1991,3.0,97.0,3.0,0.0,0.030927835051546393
CROATIA,HRV,2001,2.0,98.0,2.0,1.0309278350515427,0.02040816326530612
CUBA,CUB,2002,0.0,100.0,0.0,0.0,0.0
CUBA,CUB,2012,0.0,100.0,0.0,0.0,0.0
CUBA,CUB,2019,2.3450928,97.65491,2.35,-2.345089999999994,0.02401407978359716
CYPRUS,CYP,1992,6.0,94.0,6.0,0.0,0.06382978723404255
CYPRUS,CYP,2001,3.0,97.0,3.0,3.1914893617021267,0.030927835051546393
CYPRUS,CYP,2011,1.0,99.0,1.0,2.0618556701030855,0.010101010101010102
DEMOCRATIC REPUBLIC OF CONGO,COD,2001,33.0,67.0,33.0,0.0,0.4925373134328358
DEMOCRATIC REPUBLIC OF CONGO,COD,2012,25.0,75.0,25.0,11.940298507462677,0.3333333333333333
DEMOCRATIC REPUBLIC OF CONGO,COD,2016,23.0,77.0,23.0,2.6666666666666616,0.2987012987012987
DEMOCRATIC REPUBLIC OF CONGO,COD,2018,26.446968,73.55303,26.45,-4.476584415584406,0.3595632702011052
DOMINICAN REPUBLIC,DOM,2002,13.0,87.0,13.0,0.0,0.14942528735632185
DOMINICAN REPUBLIC,DOM,2007,12.0,88.0,12.0,1.1494252873563315,0.13636363636363635
DOMINICAN REPUBLIC,DOM,2010,10.0,90.0,10.0,2.2727272727272707,0.1111111111111111
DOMINICAN REPUBLIC,DOM,2011,10.0,90.0,10.0,0.0,0.1111111111111111
DOMINICAN REPUBLIC,DOM,2012,10.0,90.0,10.0,0.0,0.1111111111111111
DOMINICAN REPUBLIC,DOM,2013,9.0,91.0,9.0,1.1111111111111072,0.0989010989010989
DOMINICAN REPUBLIC,DOM,2014,8.0,92.0,8.0,1.098901098901095,0.08695652173913043
DOMINICAN REPUBLIC,DOM,2015,8.0,92.0,8.0,0.0,0.08695652173913043
DOMINICAN REPUBLIC,DOM,2016,6.0,94.0,6.0,2.1739130434782705,0.06382978723404255
EAST TIMOR,TLS,2001,62.0,38.0,62.0,0.0,1.631578947368421
EAST TIMOR,TLS,2007,49.0,51.0,49.0,34.210526315789465,0.9607843137254902
EAST TIMOR,TLS,2010,42.0,58.0,42.0,13.725490196078427,0.7241379310344828
EAST TIMOR,TLS,2016,34.22087,65.77913,34.22,13.41229310344827,0.5202390180593753
ECUADOR,ECU,1990,12.0,88.0,12.0,0.0,0.13636363636363635
ECUADOR,ECU,2001,9.0,91.0,9.0,3.409090909090917,0.0989010989010989
ECUADOR,ECU,2007,8.0,92.0,8.0,1.098901098901095,0.08695652173913043
ECUADOR,ECU,2008,8.0,92.0,8.0,0.0,0.08695652173913043
ECUADOR,ECU,2009,8.0,92.0,8.0,0.0,0.08695652173913043
ECUADOR,ECU,2010,8.0,92.0,8.0,0.0,0.08695652173913043
ECUADOR,ECU,2011,8.0,92.0,8.0,0.0,0.08695652173913043
ECUADOR,ECU,2012,8.0,92.0,8.0,0.0,0.08695652173913043
ECUADOR,ECU,2013,7.0,93.0,7.0,1.0869565217391353,0.07526881720430108
ECUADOR,ECU,2014,6.0,94.0,6.0,1.0752688172043001,0.06382978723404255
ECUADOR,ECU,2015,6.0,94.0,6.0,0.0,0.06382978723404255
ECUADOR,ECU,2016,6.0,94.0,6.0,0.0,0.06382978723404255
ECUADOR,ECU,2017,7.0,93.0,7.0,-1.0638297872340385,0.07526881720430108
ECUADOR,ECU,2020,6.0,94.0,6.0,1.0752688172043001,0.06382978723404255
ECUADOR,ECU,2021,6.0,94.0,6.0,0.0,0.06382978723404255
ECUADOR,ECU,2022,6.0,94.0,6.0,0.0,0.06382978723404255
EGYPT,EGY,1996,44.0,56.0,44.0,0.0,0.7857142857142857
EGYPT,EGY,2005,33.0,67.0,33.0,19.64285714285714,0.4925373134328358
EGYPT,EGY,2006,34.0,66.0,34.0,-1.4925373134328401,0.5151515151515151
EGYPT,EGY,2010,28.0,72.0,28.0,9.090909090909083,0.3888888888888889
EGYPT,EGY,2012,26.0,74.0,26.0,2.777777777777768,0.35135135135135137
EGYPT,EGY,2013,28.0,72.0,28.0,-2.7027027027026973,0.3888888888888889
EGYPT,EGY,2017,29.0,71.0,29.0,-1.388888888888884,0.4084507042253521
EL SALVADOR,SLV,1992,26.0,74.0,26.0,0.0,0.35135135135135137
EL SALVADOR,SLV,2006,16.0,84.0,16.0,13.513513513513509,0.19047619047619047
EL SALVADOR,SLV,2007,18.0,82.0,18.0,-2.3809523809523836,0.21951219512195122
EL SALVADOR,SLV,2008,16.0,84.0,16.0,2.4390243902439046,0.19047619047619047
EL SALVADOR,SLV,2009,16.0,84.0,16.0,0.0,0.19047619047619047
EL SALVADOR,SLV,2010,16.0,84.0,16.0,0.0,0.19047619047619047
EL SALVADOR,SLV,2011,15.0,85.0,15.0,1.1904761904761862,0.17647058823529413
EL SALVADOR,SLV,2013,13.0,87.0,13.0,2.35294117647058,0.14942528735632185
EL SALVADOR,SLV,2015,12.0,88.0,12.0,1.1494252873563315,0.13636363636363635
EL SALVADOR,SLV,2016,12.0,88.0,12.0,0.0,0.13636363636363635
EL SALVADOR,SLV,2017,12.0,88.0,12.0,0.0,0.13636363636363635
EL SALVADOR,SLV,2018,11.0,89.0,11.0,1.1363636363636465,0.12359550561797752
EL SALVADOR,SLV,2019,11.0,89.0,11.0,0.0,0.12359550561797752
EL SALVADOR,SLV,2020,10.0,90.0,10.0,1.1235955056179803,0.1111111111111111
EL SALVADOR,SLV,2023,10.0,90.0,10.0,0.0,0.1111111111111111
EQUATORIAL GUINEA,GNQ,2000,12.0,88.0,12.0,0.0,0.13636363636363635
ERITREA,ERI,2002,47.0,53.0,47.0,0.0,0.8867924528301887
ERITREA,ERI,2008,35.0,65.0,35.0,22.64150943396226,0.5384615384615384
ESTONIA,EST,2000,0.0,100.0,0.0,0.0,0.0
ESTONIA,EST,2011,0.0,100.0,0.0,0.0,0.0
ESWATINI,SWZ,2000,18.0,82.0,18.0,0.0,0.21951219512195122
ESWATINI,SWZ,2022,9.252983,90.74702,9.25,10.667097560975613,0.1019645934378892
ETHIOPIA,ETH,1994,73.0,27.0,73.0,0.0,2.7037037037037037
ETHIOPIA,ETH,2004,64.0,36.0,64.0,33.33333333333333,1.7777777777777777
ETHIOPIA,ETH,2007,61.0,39.0,61.0,8.333333333333325,1.564102564102564
ETHIOPIA,ETH,2016,52.50841,47.49159,52.51,21.773307692307696,1.1056359662837145
GABON,GAB,1993,28.0,72.0,28.0,0.0,0.3888888888888889
GABON,GAB,2021,11.141663,88.85834,11.14,23.414361111111106,0.1253868010588539
GAMBIA,GMB,2000,63.0,37.0,63.0,0.0,1.7027027027027026
GAMBIA,GMB,2015,49.0,51.0,49.0,37.83783783783783,0.9607843137254902
GAMBIA,GMB,2018,46.8398,53.1602,46.84,4.235686274509809,0.8811065421123321
GAMBIA,GMB,2021,48.3626,51.6374,48.36,-2.864549042328668,0.9365808503139198
GEORGIA,GEO,2002,0.0,100.0,0.0,0.0,0.0
GEORGIA,GEO,2014,0.0,100.0,0.0,0.0,0.0
GEORGIA,GEO,2017,1.0,99.0,1.0,-1.0000000000000009,0.010101010101010102
GEORGIA,GEO,2018,0.34633636,99.65366,0.35,0.6602626262626199,0.0034754003014038823
GEORGIA,GEO,2022,0.0,100.0,0.0,0.3475436827909739,0.0
GEORGIA,GEO,2023,0.44452667,99.55547,0.44,-0.44452999999999854,0.004465115477833614
GHANA,GHA,2000,42.0,58.0,42.0,0.0,0.7241379310344828
GHANA,GHA,2010,29.0,71.0,29.0,22.413793103448263,0.4084507042253521
GHANA,GHA,2017,35.507607,64.49239,35.51,-9.165647887323946,0.5505704936659969
GHANA,GHA,2021,23.51432,76.48568,23.51,18.59644215387273,0.30743428050845595
GREECE,GRC,1991,7.0,93.0,7.0,0.0,0.07526881720430108
GREECE,GRC,2001,4.0,96.0,4.0,3.2258064516129004,0.041666666666666664
GREECE,GRC,2009,6.0,94.0,6.0,-2.083333333333337,0.06382978723404255
GUAM,GUM,1990,1.0,99.0,1.0,0.0,0.010101010101010102
GUATEMALA,GTM,1994,36.0,64.0,36.0,0.0,0.5625
GUATEMALA,GTM,2002,31.0,69.0,31.0,7.8125,0.4492753623188406
GUATEMALA,GTM,2012,22.0,78.0,22.0,13.043478260869556,0.28205128205128205
GUATEMALA,GTM,2013,23.0,77.0,23.0,-1.2820512820512775,0.2987012987012987
GUATEMALA,GTM,2014,19.0,81.0,19.0,5.1948051948051965,0.2345679012345679
GUATEMALA,GTM,2015,19.804909,80.19509,19.8,-0.9937160493827202,0.24695912181157226
GUATEMALA,GTM,2018,19.0,81.0,19.0,1.0036898767742608,0.2345679012345679
GUATEMALA,GTM,2022,16.968826,83.03117,16.97,2.507617283950614,0.2043669383437569
GUINEA,GIN,1996,79.0,21.0,79.0,0.0,3.761904761904762
GUINEA,GIN,2003,70.0,30.0,70.0,42.85714285714286,2.3333333333333335
GUINEA,GIN,2010,75.0,25.0,75.0,-16.666666666666664,3.0
GUINEA,GIN,2014,68.0,32.0,68.0,28.000000000000004,2.125
GUINEA,GIN,2018,60.0,40.0,60.0,25.0,1.5
GUINEA-BISSAU,GNB,2000,59.0,41.0,59.0,0.0,1.4390243902439024
GUINEA-BISSAU,GNB,2019,45.11768,54.88232,45.12,33.859317073170736,0.8220804076795587
GUINEA-BISSAU,GNB,2022,36.06587,63.93413,36.07,16.49312565503791,0.5641098111446889
GUYANA,GUY,2020,14.361649,85.63835,14.36,0.0,0.16770114090241112
HAITI,HTI,2003,41.0,59.0,41.0,0.0,0.6949152542372882
HAITI,HTI,2017,31.990143,68.00986,31.99,15.270949152542368,0.47037507502588594
HONDURAS,HND,2001,20.0,80.0,20.0,0.0,0.25
HONDURAS,HND,2007,16.0,84.0,16.0,5.000000000000004,0.19047619047619047
HONDURAS,HND,2010,15.0,85.0,15.0,1.1904761904761862,0.17647058823529413
HONDURAS,HND,2011,15.0,85.0,15.0,0.0,0.17647058823529413
HONDURAS,HND,2012,15.0,85.0,15.0,0.0,0.17647058823529413
HONDURAS,HND,2013,15.0,85.0,15.0,0.0,0.17647058823529413
HONDURAS,HND,2014,13.0,87.0,13.0,2.35294117647058,0.14942528735632185
HONDURAS,HND,2015,12.0,88.0,12.0,1.1494252873563315,0.13636363636363635
HONDURAS,HND,2016,11.0,89.0,11.0,1.1363636363636465,0.12359550561797752
HONDURAS,HND,2018,13.0,87.0,13.0,-2.2471910112359605,0.14942528735632185
HONDURAS,HND,2019,11.0,89.0,11.0,2.298850574712641,0.12359550561797752
INDIA,IND,1991,52.0,48.0,52.0,0.0,1.0833333333333333
INDIA,IND,2001,39.0,61.0,39.0,27.083333333333325,0.639344262295082
INDIA,IND,2006,37.0,63.0,37.0,3.2786885245901676,0.5873015873015873
INDIA,IND,2011,31.0,69.0,31.0,9.523809523809534,0.4492753623188406
INDIA,IND,2022,24.0,76.0,24.0,10.144927536231885,0.3157894736842105
INDIA,IND,2023,18.0,82.0,18.0,7.8947368421052655,0.21951219512195122
INDONESIA,IDN,1990,18.0,82.0,18.0,0.0,0.21951219512195122
INDONESIA,IDN,2004,10.0,90.0,10.0,9.756097560975618,0.1111111111111111
INDONESIA,IDN,2006,8.0,92.0,8.0,2.2222222222222143,0.08695652173913043
INDONESIA,IDN,2008,8.0,92.0,8.0,0.0,0.08695652173913043
INDONESIA,IDN,2009,7.0,93.0,7.0,1.0869565217391353,0.07526881720430108
INDONESIA,IDN,2011,7.0,93.0,7.0,0.0,0.07526881720430108
INDONESIA,IDN,2014,5.0,95.0,5.0,2.1505376344086002,0.05263157894736842
INDONESIA,IDN,2015,5.0,95.0,5.0,0.0,0.05263157894736842
INDONESIA,IDN,2016,5.0,95.0,5.0,0.0,0.05263157894736842
INDONESIA,IDN,2018,4.0,96.0,4.0,1.0526315789473717,0.041666666666666664
INDONESIA,IDN,2020,4.0,96.0,4.0,0.0,0.041666666666666664
IRAN,IRN,1991,34.0,66.0,34.0,0.0,0.5151515151515151
IRAN,IRN,1996,27.0,73.0,27.0,10.606060606060597,0.3698630136986301
IRAN,IRN,2002,23.0,77.0,23.0,5.47945205479452,0.2987012987012987
IRAN,IRN,2005,18.0,82.0,18.0,6.493506493506485,0.21951219512195122
IRAN,IRN,2006,18.0,82.0,18.0,0.0,0.21951219512195122
IRAN,IRN,2008,17.0,83.0,17.0,1.2195121951219523,0.20481927710843373
IRAN,IRN,2012,16.0,84.0,16.0,1.2048192771084265,0.19047619047619047
IRAN,IRN,2013,15.0,85.0,15.0,1.1904761904761862,0.17647058823529413
IRAN,IRN,2014,15.0,85.0,15.0,0.0,0.17647058823529413
IRAN,IRN,2016,14.0,86.0,14.0,1.17647058823529,0.16279069767441862
IRAQ,IRQ,2000,26.0,74.0,26.0,0.0,0.35135135135135137
IRAQ,IRQ,2012,23.0,77.0,23.0,4.054054054054057,0.2987012987012987
IRAQ,IRQ,2014,18.0,82.0,18.0,6.493506493506485,0.21951219512195122
IRAQ,IRQ,2016,17.0,83.0,17.0,1.2195121951219523,0.20481927710843373
IRAQ,IRQ,2017,14.0,86.0,14.0,3.6144578313253017,0.16279069767441862
ITALY,ITA,2001,2.0,98.0,2.0,0.0,0.02040816326530612
ITALY,ITA,2011,1.0,99.0,1.0,1.0204081632652962,0.010101010101010102
ITALY,ITA,2019,1.0,99.0,1.0,0.0,0.010101010101010102
JAMAICA,JAM,1999,20.0,80.0,20.0,0.0,0.25
JORDAN,JOR,2003,10.0,90.0,10.0,0.0,0.1111111111111111
JORDAN,JOR,2005,9.0,91.0,9.0,1.1111111111111072,0.0989010989010989
JORDAN,JOR,2007,8.0,92.0,8.0,1.098901098901095,0.08695652173913043
JORDAN,JOR,2010,7.0,93.0,7.0,1.0869565217391353,0.07526881720430108
JORDAN,JOR,2011,4.0,96.0,4.0,3.2258064516129004,0.041666666666666664
JORDAN,JOR,2012,2.0,98.0,2.0,2.083333333333326,0.02040816326530612
JORDAN,JOR,2018,4.56855,95.43145,4.57,-2.620969387755101,0.04787258288541147
JORDAN,JOR,2023,5.0,95.0,5.0,-0.4521046258859074,0.05263157894736842
KAZAKHSTAN,KAZ,1999,0.0,100.0,0.0,0.0,0.0
KAZAKHSTAN,KAZ,2009,0.0,100.0,0.0,0.0,0.0
KENYA,KEN,2000,18.0,82.0,18.0,0.0,0.21951219512195122
KIRIBATI,KIR,2018,2.0402908,97.95971,2.04,0.0,0.020827856676995063
KUWAIT,KWT,1995,22.0,78.0,22.0,0.0,0.28205128205128205
KUWAIT,KWT,2005,7.0,93.0,7.0,19.23076923076923,0.07526881720430108
KUWAIT,KWT,2006,7.0,93.0,7.0,0.0,0.07526881720430108
KUWAIT,KWT,2007,6.0,94.0,6.0,1.0752688172043001,0.06382978723404255
KUWAIT,KWT,2008,6.0,94.0,6.0,0.0,0.06382978723404255
KUWAIT,KWT,2010,6.0,94.0,6.0,0.0,0.06382978723404255
KUWAIT,KWT,2012,4.0,96.0,4.0,2.127659574468077,0.041666666666666664
KUWAIT,KWT,2013,4.0,96.0,4.0,0.0,0.041666666666666664
KUWAIT,KWT,2015,4.0,96.0,4.0,0.0,0.041666666666666664
KUWAIT,KWT,2017,4.0,96.0,4.0,0.0,0.041666666666666664
KUWAIT,KWT,2018,4.0,96.0,4.0,0.0,0.041666666666666664
KUWAIT,KWT,2020,4.0,96.0,4.0,0.0,0.041666666666666664
KYRGYZSTAN,KGZ,1999,1.0,99.0,1.0,0.0,0.010101010101010102
KYRGYZSTAN,KGZ,2009,1.0,99.0,1.0,0.0,0.010101010101010102
LAOS,LAO,1995,40.0,60.0,40.0,0.0,0.6666666666666666
LAOS,LAO,2000,30.0,70.0,30.0,16.666666666666675,0.42857142857142855
LAOS,LAO,2001,31.0,69.0,31.0,-1.4285714285714235,0.4492753623188406
LAOS,LAO,2005,27.0,73.0,27.0,5.797101449275366,0.3698630136986301
LAOS,LAO,2015,15.0,85.0,15.0,16.43835616438356,0.17647058823529413
LATVIA,LVA,2000,0.0,100.0,0.0,0.0,0.0
LATVIA,LVA,2011,0.0,100.0,0.0,0.0,0.0
LEBANON,LBN,2007,10.0,90.0,10.0,0.0,0.1111111111111111
LEBANON,LBN,2009,9.0,91.0,9.0,1.1111111111111072,0.0989010989010989
LEBANON,LBN,2018,7.0,93.0,7.0,2.19780219780219,0.07526881720430108
LESOTHO,LSO,2000,14.0,86.0,14.0,0.0,0.16279069767441862
LESOTHO,LSO,2006,34.0,66.0,34.0,-23.25581395348837,0.5151515151515151
LESOTHO,LSO,2016,3.0,97.0,3.0,46.96969696969697,0.030927835051546393
LESOTHO,LSO,2018,13.759132,86.24087,13.76,-11.091886597938139,0.15954305655775503
LITHUANIA,LTU,2001,0.0,100.0,0.0,0.0,0.0
LITHUANIA,LTU,2011,0.0,100.0,0.0,0.0,0.0
MACAO,MAC,2001,9.0,91.0,9.0,0.0,0.0989010989010989
MACAO,MAC,2006,7.0,93.0,7.0,2.19780219780219,0.07526881720430108
MACAO,MAC,2011,4.0,96.0,4.0,3.2258064516129004,0.041666666666666664
MACAO,MAC,2016,3.0,97.0,3.0,1.041666666666674,0.030927835051546393
MADAGASCAR,MDG,2000,29.0,71.0,29.0,0.0,0.4084507042253521
MADAGASCAR,MDG,2005,41.0,59.0,41.0,-16.901408450704224,0.6949152542372882
MADAGASCAR,MDG,2012,28.0,72.0,28.0,22.033898305084755,0.3888888888888889
MADAGASCAR,MDG,2018,23.0,77.0,23.0,6.944444444444442,0.2987012987012987
MADAGASCAR,MDG,2021,25.313858,74.68614,25.31,-3.0050129870129894,0.3389364880819922
MALAWI,MWI,1998,36.0,64.0,36.0,0.0,0.5625
MALAWI,MWI,2020,29.847733,70.15227,29.85,9.612921875000001,0.4254706654538763
MALAYSIA,MYS,1991,17.0,83.0,17.0,0.0,0.20481927710843373
MALAYSIA,MYS,2000,11.0,89.0,11.0,7.2289156626506035,0.12359550561797752
MALAYSIA,MYS,2010,7.0,93.0,7.0,4.494382022471921,0.07526881720430108
MALAYSIA,MYS,2016,5.0,95.0,5.0,2.1505376344086002,0.05263157894736842
MALAYSIA,MYS,2017,5.0,95.0,5.0,0.0,0.05263157894736842
MALAYSIA,MYS,2018,5.0,95.0,5.0,0.0,0.05263157894736842
MALAYSIA,MYS,2019,5.0,95.0,5.0,0.0,0.05263157894736842
MALAYSIA,MYS,2022,4.0,96.0,4.0,1.0526315789473717,0.041666666666666664
MALDIVES,MDV,1990,4.0,96.0,4.0,0.0,0.041666666666666664
MALDIVES,MDV,1995,4.0,96.0,4.0,0.0,0.041666666666666664
MALDIVES,MDV,2000,4.0,96.0,4.0,0.0,0.041666666666666664
MALDIVES,MDV,2006,2.0,98.0,2.0,2.083333333333326,0.02040816326530612
MALDIVES,MDV,2014,1.0,99.0,1.0,1.0204081632652962,0.010101010101010102
MALDIVES,MDV,2016,2.0,98.0,2.0,-1.0101010101010055,0.02040816326530612
MALDIVES,MDV,2017,5.4944916,94.50551,5.49,-3.565806122448978,0.058139378328311224
MALDIVES,MDV,2019,1.7881393,98.21186,1.79,3.921834822117787,0.018206958915145278
MALI,MLI,1998,81.0,19.0,81.0,0.0,4.2631578947368425
MALI,MLI,2003,76.0,24.0,76.0,26.315789473684205,3.1666666666666665
MALI,MLI,2006,74.0,26.0,74.0,8.333333333333325,2.8461538461538463
MALI,MLI,2010,69.0,31.0,69.0,19.23076923076923,2.225806451612903
MALI,MLI,2011,69.0,31.0,69.0,0.0,2.225806451612903
MALI,MLI,2015,67.0,33.0,67.0,6.451612903225801,2.0303030303030303
MALI,MLI,2018,65.0,35.0,65.0,6.060606060606055,1.8571428571428572
MALTA,MLT,1995,12.0,88.0,12.0,0.0,0.13636363636363635
MALTA,MLT,2005,8.0,92.0,8.0,4.545454545454541,0.08695652173913043
MALTA,MLT,2011,7.0,93.0,7.0,1.0869565217391353,0.07526881720430108
MARSHALL ISLANDS,MHL,2011,2.0,98.0,2.0,0.0,0.02040816326530612
MAURITANIA,MRT,2000,49.0,51.0,49.0,0.0,0.9607843137254902
MAURITANIA,MRT,2013,38.0,62.0,38.0,21.568627450980383,0.6129032258064516
MAURITANIA,MRT,2015,34.887978,65.11202,34.89,5.019387096774186,0.5358147082520247
MAURITANIA,MRT,2020,40.47034,59.52966,40.47,-8.573470766227187,0.6798348923880969
MAURITIUS,MUS,1990,20.0,80.0,20.0,0.0,0.25
MAURITIUS,MUS,2000,16.0,84.0,16.0,5.000000000000004,0.19047619047619047
MAURITIUS,MUS,2011,11.0,89.0,11.0,5.952380952380953,0.12359550561797752
MAURITIUS,MUS,2012,8.0,92.0,8.0,3.370786516853941,0.08695652173913043
MAURITIUS,MUS,2013,9.0,91.0,9.0,-1.0869565217391353,0.0989010989010989
MAURITIUS,MUS,2014,8.0,92.0,8.0,1.098901098901095,0.08695652173913043
MAURITIUS,MUS,2015,7.0,93.0,7.0,1.0869565217391353,0.07526881720430108
MAURITIUS,MUS,2016,7.0,93.0,7.0,0.0,0.07526881720430108
MEXICO,MEX,1990,12.0,88.0,12.0,0.0,0.13636363636363635
MEXICO,MEX,2000,9.0,91.0,9.0,3.409090909090917,0.0989010989010989
MEXICO,MEX,2002,10.0,90.0,10.0,-1.098901098901095,0.1111111111111111
MEXICO,MEX,2004,9.0,91.0,9.0,1.1111111111111072,0.0989010989010989
MEXICO,MEX,2005,8.0,92.0,8.0,1.098901098901095,0.08695652173913043
MEXICO,MEX,2006,8.0,92.0,8.0,0.0,0.08695652173913043
MEXICO,MEX,2007,7.0,93.0,7.0,1.0869565217391353,0.07526881720430108
MEXICO,MEX,2008,7.0,93.0,7.0,0.0,0.07526881720430108
MEXICO,MEX,2009,7.0,93.0,7.0,0.0,0.07526881720430108
MEXICO,MEX,2010,7.0,93.0,7.0,0.0,0.07526881720430108
MEXICO,MEX,2011,6.0,94.0,6.0,1.0752688172043001,0.06382978723404255
MEXICO,MEX,2012,6.0,94.0,6.0,0.0,0.06382978723404255
MEXICO,MEX,2013,6.0,94.0,6.0,0.0,0.06382978723404255
MEXICO,MEX,2014,5.0,95.0,5.0,1.0638297872340496,0.05263157894736842
MEXICO,MEX,2015,6.0,94.0,6.0,-1.0526315789473717,0.06382978723404255
MEXICO,MEX,2016,5.0,95.0,5.0,1.0638297872340496,0.05263157894736842
MEXICO,MEX,2017,5.0,95.0,5.0,0.0,0.05263157894736842
MEXICO,MEX,2018,5.0,95.0,5.0,0.0,0.05263157894736842
MEXICO,MEX,2020,5.0,95.0,5.0,0.0,0.05263157894736842
MOLDOVA,MDA,2000,3.0,97.0,3.0,0.0,0.030927835051546393
MOLDOVA,MDA,2014,1.0,99.0,1.0,2.0618556701030855,0.010101010101010102
MONGOLIA,MNG,2000,2.0,98.0,2.0,0.0,0.02040816326530612
MONGOLIA,MNG,2010,2.0,98.0,2.0,0.0,0.02040816326530612
MONGOLIA,MNG,2018,3.103653,96.89635,3.1,-1.126173469387759,0.03203064924530181
MONGOLIA,MNG,2020,1.0,99.0,1.0,2.1710312101539397,0.010101010101010102
MONGOLIA,MNG,2022,1.2737808,98.72622,1.27,-0.27654545454545154,0.01290215304505733
MONTENEGRO,MNE,1991,7.0,93.0,7.0,0.0,0.07526881720430108
MONTENEGRO,MNE,2003,2.0,98.0,2.0,5.376344086021501,0.02040816326530612
MONTENEGRO,MNE,2011,2.0,98.0,2.0,0.0,0.02040816326530612
MONTENEGRO,MNE,2018,1.4655991,98.5344,1.47,0.5453061224489852,0.01487398411113276
MOROCCO,MAR,1994,58.0,42.0,58.0,0.0,1.380952380952381
MOROCCO,MAR,2004,48.0,52.0,48.0,23.809523809523814,0.9230769230769231
MOROCCO,MAR,2008,45.0,55.0,45.0,5.769230769230771,0.8181818181818182
MOROCCO,MAR,2009,44.0,56.0,44.0,1.8181818181818077,0.7857142857142857
MOROCCO,MAR,2011,33.0,67.0,33.0,19.64285714285714,0.4925373134328358
MOROCCO,MAR,2012,31.0,69.0,31.0,2.9850746268656803,0.4492753623188406
MOROCCO,MAR,2014,24.0,76.0,24.0,10.144927536231885,0.3157894736842105
MOZAMBIQUE,MOZ,1997,61.0,39.0,61.0,0.0,1.564102564102564
MOZAMBIQUE,MOZ,2003,52.0,48.0,52.0,23.076923076923084,1.0833333333333333
MOZAMBIQUE,MOZ,2009,49.0,51.0,49.0,6.25,0.9607843137254902
MOZAMBIQUE,MOZ,2015,44.0,56.0,44.0,9.80392156862746,0.7857142857142857
MOZAMBIQUE,MOZ,2017,39.0,61.0,39.0,8.92857142857142,0.639344262295082
MOZAMBIQUE,MOZ,2020,40.0,60.0,40.0,-1.6393442622950838,0.6666666666666666
MYANMAR,MMR,2000,10.0,90.0,10.0,0.0,0.1111111111111111
MYANMAR,MMR,2014,10.0,90.0,10.0,0.0,0.1111111111111111
MYANMAR,MMR,2019,11.0,89.0,11.0,-1.1111111111111072,0.12359550561797752
NAMIBIA,NAM,1991,24.0,76.0,24.0,0.0,0.3157894736842105
NAMIBIA,NAM,2001,15.0,85.0,15.0,11.842105263157897,0.17647058823529413
NAMIBIA,NAM,2011,12.0,88.0,12.0,3.529411764705892,0.13636363636363635
NAURU,NRU,2023,3.4134598,96.58654,3.41,0.0,0.03534094709262802
NEPAL,NPL,1991,67.0,33.0,67.0,0.0,2.0303030303030303
NEPAL,NPL,2001,51.0,49.0,51.0,48.484848484848484,1.0408163265306123
NEPAL,NPL,2011,40.0,60.0,40.0,22.44897959183674,0.6666666666666666
NEPAL,NPL,2016,34.498993,65.50101,34.5,9.16834999999998,0.5266940616640874
NEPAL,NPL,2019,31.287498,68.7125,31.29,4.9029625650047315,0.4553392468619246
NEW CALEDONIA,NCL,1996,4.0,96.0,4.0,0.0,0.041666666666666664
NICARAGUA,NIC,2001,23.0,77.0,23.0,0.0,0.2987012987012987
NICARAGUA,NIC,2005,22.0,78.0,22.0,1.298701298701288,0.28205128205128205
NIGER,NER,2001,86.0,14.0,86.0,0.0,6.142857142857143
NIGER,NER,2005,71.0,29.0,71.0,107.14285714285717,2.4482758620689653
NIGER,NER,2012,69.0,31.0,69.0,6.896551724137923,2.225806451612903
NIGER,NER,2018,66.952545,33.04745,66.95,6.604677419354821,2.025951926699337
NIGER,NER,2022,64.39029,35.60971,64.39,7.753275971368456,1.8082228133843268
NIGERIA,NGA,1991,45.0,55.0,45.0,0.0,0.8181818181818182
NIGERIA,NGA,2003,45.0,55.0,45.0,0.0,0.8181818181818182
NIGERIA,NGA,2006,30.0,70.0,30.0,27.27272727272727,0.42857142857142855
NIGERIA,NGA,2016,41.77866,58.22134,41.78,-16.826657142857147,0.7175832778840199
NIGERIA,NGA,2021,36.84446,63.15554,36.84,8.474899409735336,0.5833923674787674
NORTH KOREA,PRK,2008,0.0,100.0,0.0,0.0,0.0
NORTH MACEDONIA,MKD,1994,6.0,94.0,6.0,0.0,0.06382978723404255
NORTH MACEDONIA,MKD,2002,4.0,96.0,4.0,2.127659574468077,0.041666666666666664
OMAN,OMN,2003,34.0,66.0,34.0,0.0,0.5151515151515151
OMAN,OMN,2008,13.0,87.0,13.0,31.818181818181813,0.14942528735632185
OMAN,OMN,2010,13.0,87.0,13.0,0.0,0.14942528735632185
OMAN,OMN,2015,7.0,93.0,7.0,6.896551724137923,0.07526881720430108
OMAN,OMN,2017,4.0,96.0,4.0,3.2258064516129004,0.041666666666666664
OMAN,OMN,2018,4.0,96.0,4.0,0.0,0.041666666666666664
OMAN,OMN,2020,3.0,97.0,3.0,1.041666666666674,0.030927835051546393
OMAN,OMN,2022,3.0,97.0,3.0,0.0,0.030927835051546393
PAKISTAN,PAK,1998,57.0,43.0,57.0,0.0,1.3255813953488371
PAKISTAN,PAK,2005,50.0,50.0,50.0,16.279069767441868,1.0
PAKISTAN,PAK,2006,46.0,54.0,46.0,8.000000000000007,0.8518518518518519
PAKISTAN,PAK,2007,48.0,52.0,48.0,-3.703703703703709,0.9230769230769231
PAKISTAN,PAK,2008,44.0,56.0,44.0,7.692307692307687,0.7857142857142857
PAKISTAN,PAK,2009,45.0,55.0,45.0,-1.7857142857142905,0.8181818181818182
PAKISTAN,PAK,2010,45.0,55.0,45.0,0.0,0.8181818181818182
PAKISTAN,PAK,2011,45.0,55.0,45.0,0.0,0.8181818181818182
PAKISTAN,PAK,2012,43.0,57.0,43.0,3.6363636363636376,0.7543859649122807
PAKISTAN,PAK,2013,44.0,56.0,44.0,-1.7543859649122862,0.7857142857142857
PAKISTAN,PAK,2014,43.0,57.0,43.0,1.7857142857142794,0.7543859649122807
PAKISTAN,PAK,2017,41.0,59.0,41.0,3.5087719298245723,0.6949152542372882
PAKISTAN,PAK,2018,43.0,57.0,43.0,-3.3898305084745783,0.7543859649122807
PAKISTAN,PAK,2019,42.0,58.0,42.0,1.7543859649122862,0.7241379310344828
PAKISTAN,PAK,2021,41.1439,58.8561,41.14,1.4760344827586147,0.6990592309038486
PALAU,PLW,2013,0.0,100.0,0.0,0.0,0.0
PALAU,PLW,2015,3.0,97.0,3.0,-3.0000000000000027,0.030927835051546393
PALESTINE,PSE,1997,14.0,86.0,14.0,0.0,0.16279069767441862
PALESTINE,PSE,2004,8.0,92.0,8.0,6.976744186046502,0.08695652173913043
PALESTINE,PSE,2006,7.0,93.0,7.0,1.0869565217391353,0.07526881720430108
PALESTINE,PSE,2007,6.0,94.0,6.0,1.0752688172043001,0.06382978723404255
PALESTINE,PSE,2008,6.0,94.0,6.0,0.0,0.06382978723404255
PALESTINE,PSE,2009,6.0,94.0,6.0,0.0,0.06382978723404255
PALESTINE,PSE,2010,5.0,95.0,5.0,1.0638297872340496,0.05263157894736842
PALESTINE,PSE,2011,5.0,95.0,5.0,0.0,0.05263157894736842
PALESTINE,PSE,2012,4.0,96.0,4.0,1.0526315789473717,0.041666666666666664
PALESTINE,PSE,2013,4.0,96.0,4.0,0.0,0.041666666666666664
PALESTINE,PSE,2014,4.0,96.0,4.0,0.0,0.041666666666666664
PALESTINE,PSE,2015,4.0,96.0,4.0,0.0,0.041666666666666664
PALESTINE,PSE,2016,3.0,97.0,3.0,1.041666666666674,0.030927835051546393
PALESTINE,PSE,2017,3.0,97.0,3.0,0.0,0.030927835051546393
PALESTINE,PSE,2018,3.0,97.0,3.0,0.0,0.030927835051546393
PALESTINE,PSE,2019,3.0,97.0,3.0,0.0,0.030927835051546393
PALESTINE,PSE,2020,2.0,98.0,2.0,1.0309278350515427,0.02040816326530612
PALESTINE,PSE,2022,2.0,98.0,2.0,0.0,0.02040816326530612
PANAMA,PAN,1990,11.0,89.0,11.0,0.0,0.12359550561797752
PANAMA,PAN,2000,8.0,92.0,8.0,3.370786516853941,0.08695652173913043
PANAMA,PAN,2010,6.0,94.0,6.0,2.1739130434782705,0.06382978723404255
PANAMA,PAN,2018,5.0,95.0,5.0,1.0638297872340496,0.05263157894736842
PANAMA,PAN,2019,4.0,96.0,4.0,1.0526315789473717,0.041666666666666664
PAPUA NEW GUINEA,PNG,2000,43.0,57.0,43.0,0.0,0.7543859649122807
PAPUA NEW GUINEA,PNG,2017,29.936317,70.06368,29.94,22.918736842105282,0.42727297509922396
PARAGUAY,PRY,1992,10.0,90.0,10.0,0.0,0.1111111111111111
PARAGUAY,PRY,2007,5.0,95.0,5.0,5.555555555555558,0.05263157894736842
PARAGUAY,PRY,2008,7.0,93.0,7.0,-2.1052631578947323,0.07526881720430108
PARAGUAY,PRY,2009,6.0,94.0,6.0,1.0752688172043001,0.06382978723404255
PARAGUAY,PRY,2010,6.0,94.0,6.0,0.0,0.06382978723404255
PARAGUAY,PRY,2012,6.0,94.0,6.0,0.0,0.06382978723404255
PARAGUAY,PRY,2013,5.0,95.0,5.0,1.0638297872340496,0.05263157894736842
PARAGUAY,PRY,2014,5.0,95.0,5.0,0.0,0.05263157894736842
PARAGUAY,PRY,2015,4.0,96.0,4.0,1.0526315789473717,0.041666666666666664
PARAGUAY,PRY,2016,5.0,95.0,5.0,-1.041666666666663,0.05263157894736842
PARAGUAY,PRY,2018,6.0,94.0,6.0,-1.0526315789473717,0.06382978723404255
PARAGUAY,PRY,2019,7.0,93.0,7.0,-1.0638297872340385,0.07526881720430108
PARAGUAY,PRY,2020,5.0,95.0,5.0,2.1505376344086002,0.05263157894736842
PERU,PER,1993,13.0,87.0,13.0,0.0,0.14942528735632185
PERU,PER,2004,12.0,88.0,12.0,1.1494252873563315,0.13636363636363635
PERU,PER,2005,12.0,88.0,12.0,0.0,0.13636363636363635
PERU,PER,2006,11.0,89.0,11.0,1.1363636363636465,0.12359550561797752
PERU,PER,2007,10.0,90.0,10.0,1.1235955056179803,0.1111111111111111
PERU,PER,2012,6.0,94.0,6.0,4.444444444444451,0.06382978723404255
PERU,PER,2014,6.0,94.0,6.0,0.0,0.06382978723404255
PERU,PER,2015,6.0,94.0,6.0,0.0,0.06382978723404255
PERU,PER,2016,6.0,94.0,6.0,0.0,0.06382978723404255
PERU,PER,2017,6.0,94.0,6.0,0.0,0.06382978723404255
PERU,PER,2018,6.0,94.0,6.0,0.0,0.06382978723404255
PERU,PER,2020,6.0,94.0,6.0,0.0,0.06382978723404255
PHILIPPINES,PHL,1990,6.0,94.0,6.0,0.0,0.06382978723404255
PHILIPPINES,PHL,1994,6.0,94.0,6.0,0.0,0.06382978723404255
PHILIPPINES,PHL,2000,7.0,93.0,7.0,-1.0638297872340385,0.07526881720430108
PHILIPPINES,PHL,2003,7.0,93.0,7.0,0.0,0.07526881720430108
PHILIPPINES,PHL,2008,5.0,95.0,5.0,2.1505376344086002,0.05263157894736842
PHILIPPINES,PHL,2013,4.0,96.0,4.0,1.0526315789473717,0.041666666666666664
PHILIPPINES,PHL,2015,2.0,98.0,2.0,2.083333333333326,0.02040816326530612
PHILIPPINES,PHL,2019,4.0,96.0,4.0,-2.0408163265306145,0.041666666666666664
PHILIPPINES,PHL,2020,2.0,98.0,2.0,2.083333333333326,0.02040816326530612
PORTUGAL,PRT,1991,12.0,88.0,12.0,0.0,0.13636363636363635
PORTUGAL,PRT,2011,6.0,94.0,6.0,6.818181818181812,0.06382978723404255
PUERTO RICO,PRI,1990,10.0,90.0,10.0,0.0,0.1111111111111111
PUERTO RICO,PRI,2010,8.0,92.0,8.0,2.2222222222222143,0.08695652173913043
PUERTO RICO,PRI,2017,8.0,92.0,8.0,0.0,0.08695652173913043
QATAR,QAT,1997,17.0,83.0,17.0,0.0,0.20481927710843373
QATAR,QAT,2004,11.0,89.0,11.0,7.2289156626506035,0.12359550561797752
QATAR,QAT,2007,7.0,93.0,7.0,4.494382022471921,0.07526881720430108
QATAR,QAT,2008,6.0,94.0,6.0,1.0752688172043001,0.06382978723404255
QATAR,QAT,2009,5.0,95.0,5.0,1.0638297872340496,0.05263157894736842
QATAR,QAT,2010,4.0,96.0,4.0,1.0526315789473717,0.041666666666666664
QATAR,QAT,2011,4.0,96.0,4.0,0.0,0.041666666666666664
QATAR,QAT,2012,3.0,97.0,3.0,1.041666666666674,0.030927835051546393
QATAR,QAT,2013,3.0,97.0,3.0,0.0,0.030927835051546393
QATAR,QAT,2014,2.0,98.0,2.0,1.0309278350515427,0.02040816326530612
ROMANIA,ROU,1992,3.0,97.0,3.0,0.0,0.030927835051546393
ROMANIA,ROU,2002,3.0,97.0,3.0,0.0,0.030927835051546393
ROMANIA,ROU,2011,1.0,99.0,1.0,2.0618556701030855,0.010101010101010102
ROMANIA,ROU,2021,1.0,99.0,1.0,0.0,0.010101010101010102
RUSSIA,RUS,2002,1.0,99.0,1.0,0.0,0.010101010101010102
RUSSIA,RUS,2010,0.0,100.0,0.0,1.0101010101010166,0.0
RUSSIA,RUS,2021,0.0,100.0,0.0,0.0,0.0
RWANDA,RWA,1991,42.0,58.0,42.0,0.0,0.7241379310344828
RWANDA,RWA,2000,35.0,65.0,35.0,12.06896551724137,0.5384615384615384
RWANDA,RWA,2012,32.0,68.0,32.0,4.615384615384621,0.47058823529411764
RWANDA,RWA,2014,29.0,71.0,29.0,4.4117647058823595,0.4084507042253521
RWANDA,RWA,2018,27.0,73.0,27.0,2.8169014084507005,0.3698630136986301
RWANDA,RWA,2020,19.949142,80.05086,19.95,9.658712328767116,0.24920584238570326
RWANDA,RWA,2022,21.0,79.0,21.0,-1.3127404252746278,0.26582278481012656
SAINT HELENA,SHN,1998,3.0,97.0,3.0,0.0,0.030927835051546393
SAMOA,WSM,1991,2.0,98.0,2.0,0.0,0.02040816326530612
SAMOA,WSM,2011,1.0,99.0,1.0,1.0204081632652962,0.010101010101010102
SAMOA,WSM,2016,1.0,99.0,1.0,0.0,0.010101010101010102
SAMOA,WSM,2019,2.0097427,97.99026,2.01,-1.0199393939393842,0.020509616976217837
SAN MARINO,SMR,2022,0.0,100.0,0.0,0.0,0.0
SAO TOME AND PRINCIPE,STP,1991,27.0,73.0,27.0,0.0,0.3698630136986301
SAO TOME AND PRINCIPE,STP,2001,15.0,85.0,15.0,16.43835616438356,0.17647058823529413
SAO TOME AND PRINCIPE,STP,2012,10.0,90.0,10.0,5.882352941176472,0.1111111111111111
SAO TOME AND PRINCIPE,STP,2019,12.561539,87.43846,12.56,-2.8461555555555518,0.143661484888915
SAUDI ARABIA,SAU,1992,29.0,71.0,29.0,0.0,0.4084507042253521
SAUDI ARABIA,SAU,2000,21.0,79.0,21.0,11.267605633802823,0.26582278481012656
SAUDI ARABIA,SAU,2004,17.0,83.0,17.0,5.063291139240511,0.20481927710843373
SAUDI ARABIA,SAU,2013,6.0,94.0,6.0,13.25301204819278,0.06382978723404255
SAUDI ARABIA,SAU,2017,5.0,95.0,5.0,1.0638297872340496,0.05263157894736842
SAUDI ARABIA,SAU,2020,2.0,98.0,2.0,3.157894736842115,0.02040816326530612
SENEGAL,SEN,2002,61.0,39.0,61.0,0.0,1.564102564102564
SENEGAL,SEN,2006,58.0,42.0,58.0,7.692307692307687,1.380952380952381
SENEGAL,SEN,2009,52.0,48.0,52.0,14.28571428571428,1.0833333333333333
SENEGAL,SEN,2011,48.0,52.0,48.0,8.333333333333325,0.9230769230769231
SENEGAL,SEN,2013,56.0,44.0,56.0,-15.384615384615385,1.2727272727272727
SENEGAL,SEN,2015,56.40727,43.59273,56.41,-0.9256136363636314,1.2939604837779142
SENEGAL,SEN,2016,53.90036,46.09964,53.9,5.750752476387677,1.1692143365978562
SENEGAL,SEN,2017,48.0,52.0,48.0,12.799145503088516,0.9230769230769231
SENEGAL,SEN,2018,53.39409,46.60591,53.39,-10.37325,1.1456506267123632
SENEGAL,SEN,2019,53.16633,46.83367,53.17,0.4886933867400023,1.1352159674866396
SENEGAL,SEN,2023,49.64418,50.35582,49.64,7.520550919883084,0.9858677705973212
SERBIA,SRB,2003,4.0,96.0,4.0,0.0,0.041666666666666664
SERBIA,SRB,2011,2.0,98.0,2.0,2.083333333333326,0.02040816326530612
SERBIA,SRB,2016,1.0,99.0,1.0,1.0204081632652962,0.010101010101010102
SERBIA,SRB,2019,1.0,99.0,1.0,0.0,0.010101010101010102
SEYCHELLES,SYC,1994,12.0,88.0,12.0,0.0,0.13636363636363635
SEYCHELLES,SYC,2002,8.0,92.0,8.0,4.545454545454541,0.08695652173913043
SEYCHELLES,SYC,2010,6.0,94.0,6.0,2.1739130434782705,0.06382978723404255
SIERRA LEONE,SLE,2004,65.0,35.0,65.0,0.0,1.8571428571428572
SIERRA LEONE,SLE,2017,55.16682,44.83318,55.17,28.0948,1.2304908998201778
SIERRA LEONE,SLE,2019,56.42222,43.57778,56.42,-2.800158275634257,1.2947474607471974
SINGAPORE,SGP,1990,11.0,89.0,11.0,0.0,0.12359550561797752
SINGAPORE,SGP,2000,7.0,93.0,7.0,4.494382022471921,0.07526881720430108
SINGAPORE,SGP,2010,4.0,96.0,4.0,3.2258064516129004,0.041666666666666664
SINGAPORE,SGP,2011,4.0,96.0,4.0,0.0,0.041666666666666664
SINGAPORE,SGP,2012,4.0,96.0,4.0,0.0,0.041666666666666664
SINGAPORE,SGP,2013,3.0,97.0,3.0,1.041666666666674,0.030927835051546393
SINGAPORE,SGP,2014,3.0,97.0,3.0,0.0,0.030927835051546393
SINGAPORE,SGP,2015,3.0,97.0,3.0,0.0,0.030927835051546393
SINGAPORE,SGP,2016,3.0,97.0,3.0,0.0,0.030927835051546393
SINGAPORE,SGP,2017,3.0,97.0,3.0,0.0,0.030927835051546393
SINGAPORE,SGP,2018,3.0,97.0,3.0,0.0,0.030927835051546393
SINGAPORE,SGP,2019,3.0,97.0,3.0,0.0,0.030927835051546393
SINGAPORE,SGP,2020,3.0,97.0,3.0,0.0,0.030927835051546393
SINGAPORE,SGP,2021,2.0,98.0,2.0,1.0309278350515427,0.02040816326530612
SLOVENIA,SVN,1991,0.0,100.0,0.0,0.0,0.0
SOLOMON ISLANDS,SLB,1999,23.0,77.0,23.0,0.0,0.2987012987012987
SOMALIA,SOM,2022,46.0,54.0,46.0,0.0,0.8518518518518519
SOUTH AFRICA,ZAF,1996,18.0,82.0,18.0,0.0,0.21951219512195122
SOUTH AFRICA,ZAF,2007,11.0,89.0,11.0,8.536585365853666,0.12359550561797752
SOUTH AFRICA,ZAF,2009,7.0,93.0,7.0,4.494382022471921,0.07526881720430108
SOUTH AFRICA,ZAF,2010,7.0,93.0,7.0,0.0,0.07526881720430108
SOUTH AFRICA,ZAF,2011,7.0,93.0,7.0,0.0,0.07526881720430108
SOUTH AFRICA,ZAF,2012,6.0,94.0,6.0,1.0752688172043001,0.06382978723404255
SOUTH AFRICA,ZAF,2014,6.0,94.0,6.0,0.0,0.06382978723404255
SOUTH AFRICA,ZAF,2015,6.0,94.0,6.0,0.0,0.06382978723404255
SOUTH AFRICA,ZAF,2016,8.262756,91.73724,8.26,-2.407191489361704,0.09006981243386
SOUTH AFRICA,ZAF,2017,13.0,87.0,13.0,-5.163922524811082,0.14942528735632185
SOUTH AFRICA,ZAF,2019,5.0,95.0,5.0,9.195402298850585,0.05263157894736842
SOUTH AFRICA,ZAF,2021,10.0,90.0,10.0,-5.263157894736848,0.1111111111111111
SOUTH KOREA,KOR,2008,2.0,98.0,2.0,0.0,0.02040816326530612
SOUTH SUDAN,SSD,2008,73.0,27.0,73.0,0.0,2.7037037037037037
SPAIN,ESP,1991,4.0,96.0,4.0,0.0,0.041666666666666664
SPAIN,ESP,2004,3.0,97.0,3.0,1.041666666666674,0.030927835051546393
SPAIN,ESP,2005,2.0,98.0,2.0,1.0309278350515427,0.02040816326530612
SPAIN,ESP,2006,2.0,98.0,2.0,0.0,0.02040816326530612
SPAIN,ESP,2007,2.0,98.0,2.0,0.0,0.02040816326530612
SPAIN,ESP,2008,2.0,98.0,2.0,0.0,0.02040816326530612
SPAIN,ESP,2009,2.0,98.0,2.0,0.0,0.02040816326530612
SPAIN,ESP,2010,2.0,98.0,2.0,0.0,0.02040816326530612
SPAIN,ESP,2011,2.0,98.0,2.0,0.0,0.02040816326530612
SPAIN,ESP,2012,2.0,98.0,2.0,0.0,0.02040816326530612
SPAIN,ESP,2013,2.0,98.0,2.0,0.0,0.02040816326530612
SPAIN,ESP,2014,2.0,98.0,2.0,0.0,0.02040816326530612
SPAIN,ESP,2015,2.0,98.0,2.0,0.0,0.02040816326530612
SPAIN,ESP,2016,2.0,98.0,2.0,0.0,0.02040816326530612
SPAIN,ESP,2018,2.0,98.0,2.0,0.0,0.02040816326530612
SPAIN,ESP,2020,1.0,99.0,1.0,1.0204081632652962,0.010101010101010102
SPAIN,ESP,2021,0.0,100.0,0.0,1.0101010101010166,0.0
SRI LANKA,LKA,2001,9.0,91.0,9.0,0.0,0.0989010989010989
SRI LANKA,LKA,2006,9.0,91.0,9.0,0.0,0.0989010989010989
SRI LANKA,LKA,2008,9.0,91.0,9.0,0.0,0.0989010989010989
SRI LANKA,LKA,2010,9.0,91.0,9.0,0.0,0.0989010989010989
SRI LANKA,LKA,2016,8.0,92.0,8.0,1.098901098901095,0.08695652173913043
SRI LANKA,LKA,2017,8.0,92.0,8.0,0.0,0.08695652173913043
SRI LANKA,LKA,2018,8.0,92.0,8.0,0.0,0.08695652173913043
SRI LANKA,LKA,2019,8.0,92.0,8.0,0.0,0.08695652173913043
SRI LANKA,LKA,2020,8.0,92.0,8.0,0.0,0.08695652173913043
SRI LANKA,LKA,2021,8.0,92.0,8.0,0.0,0.08695652173913043
SRI LANKA,LKA,2022,8.0,92.0,8.0,0.0,0.08695652173913043
SRI LANKA,LKA,2023,7.0,93.0,7.0,1.0869565217391353,0.07526881720430108
SUDAN,SDN,2000,39.0,61.0,39.0,0.0,0.639344262295082
SUDAN,SDN,2008,46.0,54.0,46.0,-11.475409836065575,0.8518518518518519
SURINAME,SUR,2004,10.0,90.0,10.0,0.0,0.1111111111111111
SURINAME,SUR,2008,5.0,95.0,5.0,5.555555555555558,0.05263157894736842
SURINAME,SUR,2010,5.0,95.0,5.0,0.0,0.05263157894736842
SURINAME,SUR,2012,7.0,93.0,7.0,-2.1052631578947323,0.07526881720430108
SYRIA,SYR,2002,17.0,83.0,17.0,0.0,0.20481927710843373
SYRIA,SYR,2004,19.0,81.0,19.0,-2.409638554216864,0.2345679012345679
SYRIA,SYR,2021,6.0,94.0,6.0,16.049382716049386,0.06382978723404255
TAJIKISTAN,TJK,2000,1.0,99.0,1.0,0.0,0.010101010101010102
TANZANIA,TZA,2002,31.0,69.0,31.0,0.0,0.4492753623188406
TANZANIA,TZA,2012,22.0,78.0,22.0,13.043478260869556,0.28205128205128205
TANZANIA,TZA,2015,22.0,78.0,22.0,0.0,0.28205128205128205
THAILAND,THA,2000,7.0,93.0,7.0,0.0,0.07526881720430108
THAILAND,THA,2005,6.0,94.0,6.0,1.0752688172043001,0.06382978723404255
THAILAND,THA,2010,4.0,96.0,4.0,2.127659574468077,0.041666666666666664
THAILAND,THA,2013,6.0,94.0,6.0,-2.083333333333337,0.06382978723404255
THAILAND,THA,2015,7.0,93.0,7.0,-1.0638297872340385,0.07526881720430108
THAILAND,THA,2016,8.0186,91.9814,8.02,-1.095268817204309,0.08717632042999998
THAILAND,THA,2018,6.0,94.0,6.0,2.194574120420012,0.06382978723404255
THAILAND,THA,2019,8.73085,91.26915,8.73,-2.905159574468086,0.09566047235018624
THAILAND,THA,2022,8.900131,91.09987,8.9,-0.18547340475943974,0.09769641822760011
TOGO,TGO,2000,47.0,53.0,47.0,0.0,0.8867924528301887
TOGO,TGO,2006,43.0,57.0,43.0,7.547169811320753,0.7543859649122807
TOGO,TGO,2009,43.0,57.0,43.0,0.0,0.7543859649122807
TOGO,TGO,2011,40.0,60.0,40.0,5.263157894736836,0.6666666666666666
TOGO,TGO,2015,36.0,64.0,36.0,6.666666666666665,0.5625
TOGO,TGO,2019,33.0,67.0,33.0,4.6875,0.4925373134328358
TOGO,TGO,2022,27.404114,72.59589,27.4,8.352074626865669,0.377488505203256
TONGA,TON,1996,1.0,99.0,1.0,0.0,0.010101010101010102
TONGA,TON,2006,1.0,99.0,1.0,0.0,0.010101010101010102
TONGA,TON,2011,1.0,99.0,1.0,0.0,0.010101010101010102
TONGA,TON,2016,3.0,97.0,3.0,-2.020202020202022,0.030927835051546393
TONGA,TON,2019,8.9483795,91.05162,8.95,-6.132350515463914,0.0982780921415786
TRINIDAD AND TOBAGO,TTO,1990,3.0,97.0,3.0,0.0,0.030927835051546393
TUNISIA,TUN,2004,26.0,74.0,26.0,0.0,0.35135135135135137
TUNISIA,TUN,2007,23.0,77.0,23.0,4.054054054054057,0.2987012987012987
TUNISIA,TUN,2008,22.0,78.0,22.0,1.298701298701288,0.28205128205128205
TUNISIA,TUN,2010,21.0,79.0,21.0,1.2820512820512775,0.26582278481012656
TUNISIA,TUN,2011,20.0,80.0,20.0,1.2658227848101333,0.25
TUNISIA,TUN,2012,20.0,80.0,20.0,0.0,0.25
TUNISIA,TUN,2014,21.0,79.0,21.0,-1.2499999999999956,0.26582278481012656
TUNISIA,TUN,2018,20.524887,79.47511,20.52,0.6014050632911383,0.25825553434276466
TUNISIA,TUN,2019,19.0,81.0,19.0,1.9187013393249686,0.2345679012345679
TUNISIA,TUN,2021,16.317368,83.68263,16.32,3.311888888888892,0.19499109910862025
TUNISIA,TUN,2023,13.753181,86.24682,13.75,3.064184287707006,0.15946305034782732
TURKEY,TUR,1990,21.0,79.0,21.0,0.0,0.26582278481012656
TURKEY,TUR,2004,13.0,87.0,13.0,10.126582278481022,0.14942528735632185
TURKEY,TUR,2005,12.0,88.0,12.0,1.1494252873563315,0.13636363636363635
TURKEY,TUR,2006,12.0,88.0,12.0,0.0,0.13636363636363635
TURKEY,TUR,2007,11.0,89.0,11.0,1.1363636363636465,0.12359550561797752
TURKEY,TUR,2009,9.0,91.0,9.0,2.2471910112359605,0.0989010989010989
TURKEY,TUR,2010,7.0,93.0,7.0,2.19780219780219,0.07526881720430108
TURKEY,TUR,2011,6.0,94.0,6.0,1.0752688172043001,0.06382978723404255
TURKEY,TUR,2012,5.0,95.0,5.0,1.0638297872340496,0.05263157894736842
TURKEY,TUR,2013,5.0,95.0,5.0,0.0,0.05263157894736842
TURKEY,TUR,2014,5.0,95.0,5.0,0.0,0.05263157894736842
TURKEY,TUR,2015,4.0,96.0,4.0,1.0526315789473717,0.041666666666666664
TURKEY,TUR,2016,4.0,96.0,4.0,0.0,0.041666666666666664
TURKEY,TUR,2017,4.0,96.0,4.0,0.0,0.041666666666666664
TURKEY,TUR,2019,3.0,97.0,3.0,1.041666666666674,0.030927835051546393
TURKEY,TUR,2021,3.0,97.0,3.0,0.0,0.030927835051546393
TURKMENISTAN,TKM,1995,1.0,99.0,1.0,0.0,0.010101010101010102
UGANDA,UGA,1991,44.0,56.0,44.0,0.0,0.7857142857142857
UGANDA,UGA,2002,32.0,68.0,32.0,21.42857142857142,0.47058823529411764
UGANDA,UGA,2006,29.0,71.0,29.0,4.4117647058823595,0.4084507042253521
UGANDA,UGA,2010,27.0,73.0,27.0,2.8169014084507005,0.3698630136986301
UGANDA,UGA,2012,30.0,70.0,30.0,-4.109589041095896,0.42857142857142855
UGANDA,UGA,2016,30.898682,69.10132,30.9,-1.283828571428569,0.4471503872863789
UKRAINE,UKR,2001,1.0,99.0,1.0,0.0,0.010101010101010102
UNITED ARAB EMIRATES,ARE,2005,10.0,90.0,10.0,0.0,0.1111111111111111
UNITED ARAB EMIRATES,ARE,2019,2.0,98.0,2.0,8.888888888888879,0.02040816326530612
UNITED ARAB EMIRATES,ARE,2021,2.0,98.0,2.0,0.0,0.02040816326530612
UNITED ARAB EMIRATES,ARE,2022,2.0,98.0,2.0,0.0,0.02040816326530612
UNITED ARAB EMIRATES,ARE,2023,2.0,98.0,2.0,0.0,0.02040816326530612
URUGUAY,URY,1996,3.0,97.0,3.0,0.0,0.030927835051546393
URUGUAY,URY,2006,2.0,98.0,2.0,1.0309278350515427,0.02040816326530612
URUGUAY,URY,2007,2.0,98.0,2.0,0.0,0.02040816326530612
URUGUAY,URY,2008,2.0,98.0,2.0,0.0,0.02040816326530612
URUGUAY,URY,2009,2.0,98.0,2.0,0.0,0.02040816326530612
URUGUAY,URY,2010,2.0,98.0,2.0,0.0,0.02040816326530612
URUGUAY,URY,2011,2.0,98.0,2.0,0.0,0.02040816326530612
URUGUAY,URY,2012,2.0,98.0,2.0,0.0,0.02040816326530612
URUGUAY,URY,2013,2.0,98.0,2.0,0.0,0.02040816326530612
URUGUAY,URY,2014,2.0,98.0,2.0,0.0,0.02040816326530612
URUGUAY,URY,2015,1.0,99.0,1.0,1.0204081632652962,0.010101010101010102
URUGUAY,URY,2016,1.0,99.0,1.0,0.0,0.010101010101010102
URUGUAY,URY,2017,1.0,99.0,1.0,0.0,0.010101010101010102
URUGUAY,URY,2018,1.0,99.0,1.0,0.0,0.010101010101010102
URUGUAY,URY,2019,1.0,99.0,1.0,0.0,0.010101010101010102
URUGUAY,URY,2022,1.0,99.0,1.0,0.0,0.010101010101010102
UZBEKISTAN,UZB,2000,1.0,99.0,1.0,0.0,0.010101010101010102
UZBEKISTAN,UZB,2013,0.0,100.0,0.0,1.0101010101010166,0.0
UZBEKISTAN,UZB,2014,0.0,100.0,0.0,0.0,0.0
UZBEKISTAN,UZB,2015,0.0,100.0,0.0,0.0,0.0
UZBEKISTAN,UZB,2016,0.0,100.0,0.0,0.0,0.0
UZBEKISTAN,UZB,2018,0.0,100.0,0.0,0.0,0.0
UZBEKISTAN,UZB,2019,0.0,100.0,0.0,0.0,0.0
UZBEKISTAN,UZB,2021,0.0,100.0,0.0,0.0,0.0
UZBEKISTAN,UZB,2022,0.0,100.0,0.0,0.0,0.0
VANUATU,VUT,1999,26.0,74.0,26.0,0.0,0.35135135135135137
VANUATU,VUT,2023,12.0396805,87.96032,12.04,18.86529729729729,0.1368762698907871
VENEZUELA,VEN,1990,10.0,90.0,10.0,0.0,0.1111111111111111
VENEZUELA,VEN,2001,7.0,93.0,7.0,3.3333333333333437,0.07526881720430108
VENEZUELA,VEN,2007,5.0,95.0,5.0,2.1505376344086002,0.05263157894736842
VENEZUELA,VEN,2009,4.0,96.0,4.0,1.0526315789473717,0.041666666666666664
VENEZUELA,VEN,2011,5.0,95.0,5.0,-1.041666666666663,0.05263157894736842
VENEZUELA,VEN,2015,3.0,97.0,3.0,2.1052631578947434,0.030927835051546393
VENEZUELA,VEN,2016,3.0,97.0,3.0,0.0,0.030927835051546393
VIETNAM,VNM,1999,10.0,90.0,10.0,0.0,0.1111111111111111
VIETNAM,VNM,2000,10.0,90.0,10.0,0.0,0.1111111111111111
VIETNAM,VNM,2009,6.0,94.0,6.0,4.444444444444451,0.06382978723404255
VIETNAM,VNM,2019,4.0,96.0,4.0,2.127659574468077,0.041666666666666664
VIETNAM,VNM,2022,4.0,96.0,4.0,0.0,0.041666666666666664
YEMEN,YEM,1994,63.0,37.0,63.0,0.0,1.7027027027027026
ZAMBIA,ZMB,1990,35.0,65.0,35.0,0.0,0.5384615384615384
ZAMBIA,ZMB,1999,32.0,68.0,32.0,4.615384615384621,0.47058823529411764
ZAMBIA,ZMB,2002,31.0,69.0,31.0,1.4705882352941124,0.4492753623188406
ZAMBIA,ZMB,2010,17.0,83.0,17.0,20.28985507246377,0.20481927710843373
ZAMBIA,ZMB,2018,28.867699,71.1323,28.87,-14.298433734939753,0.4058310922042448
ZIMBABWE,ZWE,1992,16.0,84.0,16.0,0.0,0.19047619047619047
ZIMBABWE,ZWE,2019,6.7724533,93.22755,6.77,10.985178571428555,0.07264433421236534
