COUNTRY,CODE,YEAR,ADULT_LITERACY,YOUTH_LITERACY_M,YOUTH_LITERACY_F,REGION,LITERACY GAP GENDER,YOUTH LITERACY AVERAGE,ADULT VS YOUTH LITERACY GAP
AFGHANISTAN,AFG,2011,31.0,62.0,32.0,ASIA,30.0,47.0,16.0
AFGHANISTAN,AFG,2015,33.75384,57.73505,25.48416,ASIA,32.25089,41.609605,7.855765000000005
AFGHANISTAN,AFG,2021,37.0,71.0,42.0,ASIA,29.0,56.5,19.5
AFGHANISTAN,AFG,2022,37.0,83.4,44.17171,ASIA,39.22829000000001,63.785855,26.785854999999998
ALBANIA,ALB,2001,99.0,99.0,99.0,EUROPE,0.0,99.0,0.0
ALBANIA,ALB,2005,99.0,99.0,99.49,EUROPE,0.4899999999999949,99.245,0.24500000000000455
ALBANIA,ALB,2008,96.0,99.0,99.0,EUROPE,0.0,99.0,3.0
ALBANIA,ALB,2009,96.0,94.82,96.61,EUROPE,1.7900000000000063,95.715,-0.2849999999999966
ALBANIA,ALB,2011,97.0,99.0,99.0,EUROPE,0.0,99.0,2.0
ALBANIA,ALB,2012,97.0,99.0,99.0,EUROPE,0.0,99.0,2.0
ALBANIA,ALB,2017,98.81623,98.58999,99.52556,EUROPE,0.9355699999999985,99.05777499999999,0.2415449999999879
ALGERIA,DZA,2002,70.0,94.0,86.0,AFRICA,8.0,90.0,20.0
ALGERIA,DZA,2006,73.0,94.0,89.0,AFRICA,5.0,91.5,18.5
ALGERIA,DZA,2008,75.0,96.0,92.0,AFRICA,4.0,94.0,19.0
ALGERIA,DZA,2019,75.0,64.79,97.9897,AFRICA,33.19969999999999,81.38985,6.389849999999996
ANGOLA,AGO,2001,67.0,84.0,63.0,AFRICA,21.0,73.5,6.5
ANGOLA,AGO,2014,66.0,85.0,71.0,AFRICA,14.0,78.0,12.0
ANGOLA,AGO,2015,66.23586,83.96919,67.4276,AFRICA,16.54159,75.698395,9.462535000000003
ARGENTINA,ARG,1991,96.0,98.0,99.0,SOUTH AMERICA,1.0,98.5,2.5
ARGENTINA,ARG,2001,97.0,99.0,99.0,SOUTH AMERICA,0.0,99.0,2.0
ARMENIA,ARM,2000,99.0,100.0,100.0,ASIA,0.0,100.0,1.0
ARMENIA,ARM,2001,99.0,100.0,100.0,ASIA,0.0,100.0,1.0
ARMENIA,ARM,2011,100.0,100.0,100.0,ASIA,0.0,100.0,0.0
ARMENIA,ARM,2016,100.0,100.0,100.0,ASIA,0.0,100.0,0.0
ARMENIA,ARM,2017,100.0,100.0,100.0,ASIA,0.0,100.0,0.0
ARMENIA,ARM,2020,100.0,100.0,100.0,ASIA,0.0,100.0,0.0
ARMENIA,ARM,2022,99.825,99.64871,99.91656,ASIA,0.2678500000000099,99.782635,-0.04236500000000376
ARUBA,ABW,2000,97.0,99.0,99.0,NORTH AMERICA,0.0,99.0,2.0
ARUBA,ABW,2010,97.0,99.0,99.0,NORTH AMERICA,0.0,99.0,2.0
AZERBAIJAN,AZE,1999,99.0,100.0,100.0,ASIA,0.0,100.0,1.0
AZERBAIJAN,AZE,2006,99.0,100.0,100.0,ASIA,0.0,100.0,1.0
AZERBAIJAN,AZE,2007,100.0,100.0,100.0,ASIA,0.0,100.0,0.0
AZERBAIJAN,AZE,2009,100.0,100.0,100.0,ASIA,0.0,100.0,0.0
AZERBAIJAN,AZE,2010,100.0,100.0,100.0,ASIA,0.0,100.0,0.0
AZERBAIJAN,AZE,2011,100.0,100.0,100.0,ASIA,0.0,100.0,0.0
AZERBAIJAN,AZE,2012,100.0,100.0,100.0,ASIA,0.0,100.0,0.0
AZERBAIJAN,AZE,2013,100.0,100.0,100.0,ASIA,0.0,100.0,0.0
AZERBAIJAN,AZE,2014,100.0,100.0,100.0,ASIA,0.0,100.0,0.0
AZERBAIJAN,AZE,2015,100.0,100.0,100.0,ASIA,0.0,100.0,0.0
AZERBAIJAN,AZE,2016,100.0,100.0,100.0,ASIA,0.0,100.0,0.0
AZERBAIJAN,AZE,2017,100.0,100.0,100.0,ASIA,0.0,100.0,0.0
AZERBAIJAN,AZE,2019,100.0,100.0,100.0,ASIA,0.0,100.0,0.0
AZERBAIJAN,AZE,2023,100.0,100.0,100.0,ASIA,0.0,100.0,0.0
BAHRAIN,BHR,1991,84.0,97.0,97.0,ASIA,0.0,97.0,13.0
BAHRAIN,BHR,2001,87.0,97.0,97.0,ASIA,0.0,97.0,10.0
BAHRAIN,BHR,2022,98.0,99.0,99.0,ASIA,0.0,99.0,1.0
BAHRAIN,BHR,2023,98.0,99.0,99.0,ASIA,0.0,99.0,1.0
BANGLADESH,BGD,1991,35.0,52.0,38.0,ASIA,14.0,45.0,10.0
BANGLADESH,BGD,2000,35.0,100.0,100.0,ASIA,0.0,100.0,65.0
BANGLADESH,BGD,2001,47.0,67.0,60.0,ASIA,7.0,63.5,16.5
BANGLADESH,BGD,2006,47.0,67.0,87.2,ASIA,20.200000000000003,77.1,30.099999999999994
BANGLADESH,BGD,2007,47.0,90.51,77.09,ASIA,13.420000000000002,83.80000000000001,36.80000000000001
BANGLADESH,BGD,2011,59.0,76.0,80.0,ASIA,4.0,78.0,19.0
BANGLADESH,BGD,2012,58.0,76.0,79.0,ASIA,3.0,77.5,19.5
BANGLADESH,BGD,2013,61.0,84.0,87.0,ASIA,3.0,85.5,24.5
BANGLADESH,BGD,2014,61.0,85.0,86.0,ASIA,1.0,85.5,24.5
BANGLADESH,BGD,2015,65.0,86.0,90.0,ASIA,4.0,88.0,23.0
BANGLADESH,BGD,2016,73.0,91.0,94.0,ASIA,3.0,92.5,19.5
BANGLADESH,BGD,2017,73.0,92.0,94.0,ASIA,2.0,93.0,20.0
BANGLADESH,BGD,2018,74.0,92.0,95.0,ASIA,3.0,93.5,19.5
BANGLADESH,BGD,2019,75.0,94.0,96.0,ASIA,2.0,95.0,20.0
BANGLADESH,BGD,2020,75.0,93.0,96.0,ASIA,3.0,94.5,19.5
BANGLADESH,BGD,2021,76.0,94.0,96.0,ASIA,2.0,95.0,19.0
BANGLADESH,BGD,2022,79.0,92.0,94.0,ASIA,2.0,93.0,14.0
BARBADOS,BRB,2012,99.0,100.0,100.0,NORTH AMERICA,0.0,100.0,1.0
BELARUS,BLR,1999,100.0,100.0,100.0,EUROPE,0.0,100.0,0.0
BELARUS,BLR,2005,100.0,100.0,99.98,EUROPE,0.01999999999999602,99.99000000000001,-0.009999999999990905
BELARUS,BLR,2009,100.0,100.0,100.0,EUROPE,0.0,100.0,0.0
BELARUS,BLR,2012,100.0,100.0,100.0,EUROPE,0.0,100.0,0.0
BELARUS,BLR,2019,100.0,100.0,100.0,EUROPE,0.0,100.0,0.0
BELIZE,BLZ,1991,70.0,77.0,78.0,NORTH AMERICA,1.0,77.5,7.5
BELIZE,BLZ,2006,70.0,77.0,95.13,NORTH AMERICA,18.129999999999995,86.065,16.064999999999998
BELIZE,BLZ,2011,70.0,77.0,96.6,NORTH AMERICA,19.599999999999994,86.8,16.799999999999997
BELIZE,BLZ,2015,90.91604,97.82818,98.07905,NORTH AMERICA,0.25086999999999193,97.953615,7.037575000000004
BENIN,BEN,1992,27.0,55.0,27.0,AFRICA,28.0,41.0,14.0
BENIN,BEN,2001,27.0,61.08,31.85,AFRICA,29.229999999999997,46.465,19.465000000000003
BENIN,BEN,2002,35.0,59.0,33.0,AFRICA,26.0,46.0,11.0
BENIN,BEN,2006,35.0,72.07,39.53,AFRICA,32.53999999999999,55.8,20.799999999999997
BENIN,BEN,2017,38.87121,66.79979,50.98536,AFRICA,15.814430000000002,58.892575,20.021365000000003
BENIN,BEN,2019,48.99828,76.35444,62.76271,AFRICA,13.591729999999998,69.55857499999999,20.56029499999999
BENIN,BEN,2021,43.83417,70.96799,59.18644,AFRICA,11.781550000000003,65.077215,21.243044999999995
BENIN,BEN,2022,51.37877,74.60011,67.93813,AFRICA,6.66198,71.26912,19.890349999999998
BHUTAN,BTN,2005,53.0,80.0,68.0,ASIA,12.0,74.0,21.0
BHUTAN,BTN,2010,53.0,80.0,63.34,ASIA,16.659999999999997,71.67,18.67
BHUTAN,BTN,2012,55.0,90.0,82.0,ASIA,8.0,86.0,31.0
BHUTAN,BTN,2017,67.0,93.0,93.0,ASIA,0.0,93.0,26.0
BOLIVIA,BOL,1992,80.0,96.0,92.0,SOUTH AMERICA,4.0,94.0,14.0
BOLIVIA,BOL,2000,80.0,98.4,96.3,SOUTH AMERICA,2.1000000000000085,97.35,17.349999999999994
BOLIVIA,BOL,2001,87.0,98.2,96.5,SOUTH AMERICA,1.7000000000000028,97.35,10.349999999999994
BOLIVIA,BOL,2002,87.0,99.1,97.1,SOUTH AMERICA,2.0,98.1,11.099999999999994
BOLIVIA,BOL,2003,87.0,99.47,96.67,SOUTH AMERICA,2.799999999999997,98.07,11.069999999999993
BOLIVIA,BOL,2004,87.0,99.6,98.6,SOUTH AMERICA,1.0,99.1,12.099999999999994
BOLIVIA,BOL,2005,87.0,99.3,98.4,SOUTH AMERICA,0.8999999999999915,98.85,11.849999999999994
BOLIVIA,BOL,2006,87.0,99.4,97.4,SOUTH AMERICA,2.0,98.4,11.400000000000006
BOLIVIA,BOL,2007,91.0,99.8,99.1,SOUTH AMERICA,0.7000000000000028,99.44999999999999,8.449999999999989
BOLIVIA,BOL,2008,91.0,99.4,99.0,SOUTH AMERICA,0.4000000000000057,99.2,8.200000000000003
BOLIVIA,BOL,2009,91.0,99.7,99.1,SOUTH AMERICA,0.6000000000000085,99.4,8.400000000000006
BOLIVIA,BOL,2011,92.0,99.3,98.8,SOUTH AMERICA,0.5,99.05,7.049999999999997
BOLIVIA,BOL,2012,94.0,99.5,99.2,SOUTH AMERICA,0.29999999999999716,99.35,5.349999999999994
BOLIVIA,BOL,2013,94.0,99.5,99.2,SOUTH AMERICA,0.29999999999999716,99.35,5.349999999999994
BOLIVIA,BOL,2014,94.0,99.7,99.2,SOUTH AMERICA,0.5,99.45,5.450000000000003
BOLIVIA,BOL,2015,92.0,99.4,99.4,SOUTH AMERICA,0.0,99.4,7.400000000000006
BOLIVIA,BOL,2016,92.0,99.5,99.3,SOUTH AMERICA,0.20000000000000284,99.4,7.400000000000006
BOLIVIA,BOL,2017,92.0,99.4,99.3,SOUTH AMERICA,0.10000000000000853,99.35,7.349999999999994
BOLIVIA,BOL,2018,92.0,99.7,99.4,SOUTH AMERICA,0.29999999999999716,99.55000000000001,7.550000000000011
BOLIVIA,BOL,2019,92.0,99.7,99.4,SOUTH AMERICA,0.29999999999999716,99.55000000000001,7.550000000000011
BOLIVIA,BOL,2020,94.0,99.6,99.5,SOUTH AMERICA,0.09999999999999432,99.55,5.549999999999997
BOLIVIA,BOL,2021,94.0,99.5,99.5,SOUTH AMERICA,0.0,99.5,5.5
BOSNIA AND HERZEGOVINA,BIH,1991,89.0,99.0,99.0,EUROPE,0.0,99.0,10.0
BOSNIA AND HERZEGOVINA,BIH,2000,97.0,100.0,100.0,EUROPE,0.0,100.0,3.0
BOSNIA AND HERZEGOVINA,BIH,2006,97.0,100.0,99.82,EUROPE,0.18000000000000682,99.91,2.9099999999999966
BOSNIA AND HERZEGOVINA,BIH,2013,97.0,100.0,100.0,EUROPE,0.0,100.0,3.0
BOTSWANA,BWA,1991,69.0,86.0,92.0,AFRICA,6.0,89.0,20.0
BOTSWANA,BWA,2003,81.0,92.0,96.0,AFRICA,4.0,94.0,13.0
BRAZIL,BRA,2000,86.0,93.0,96.0,SOUTH AMERICA,3.0,94.5,8.5
BRAZIL,BRA,2001,86.0,94.7,96.9,SOUTH AMERICA,2.200000000000003,95.80000000000001,9.800000000000011
BRAZIL,BRA,2002,86.0,95.1,97.5,SOUTH AMERICA,2.4000000000000057,96.3,10.299999999999997
BRAZIL,BRA,2003,86.0,95.6,97.7,SOUTH AMERICA,2.1000000000000085,96.65,10.650000000000006
BRAZIL,BRA,2004,89.0,95.7,97.9,SOUTH AMERICA,2.200000000000003,96.80000000000001,7.800000000000011
BRAZIL,BRA,2005,89.0,96.1,98.1,SOUTH AMERICA,2.0,97.1,8.099999999999994
BRAZIL,BRA,2006,90.0,96.8,98.3,SOUTH AMERICA,1.5,97.55,7.549999999999997
BRAZIL,BRA,2007,90.0,97.0,98.6,SOUTH AMERICA,1.5999999999999943,97.8,7.799999999999997
BRAZIL,BRA,2008,90.0,97.2,98.5,SOUTH AMERICA,1.2999999999999972,97.85,7.849999999999994
BRAZIL,BRA,2009,90.0,97.4,98.7,SOUTH AMERICA,1.2999999999999972,98.05000000000001,8.050000000000011
BRAZIL,BRA,2010,90.0,97.0,98.0,SOUTH AMERICA,1.0,97.5,7.5
BRAZIL,BRA,2011,91.0,97.9,99.1,SOUTH AMERICA,1.1999999999999886,98.5,7.5
BRAZIL,BRA,2012,91.0,98.2,99.0,SOUTH AMERICA,0.7999999999999972,98.6,7.599999999999994
BRAZIL,BRA,2013,91.0,98.3,99.2,SOUTH AMERICA,0.9000000000000057,98.75,7.75
BRAZIL,BRA,2014,92.0,98.4,99.3,SOUTH AMERICA,0.8999999999999915,98.85,6.849999999999994
BRAZIL,BRA,2015,92.0,98.6,99.3,SOUTH AMERICA,0.7000000000000028,98.94999999999999,6.949999999999989
BRAZIL,BRA,2016,93.0,98.7,99.5,SOUTH AMERICA,0.7999999999999972,99.1,6.099999999999994
BRAZIL,BRA,2017,93.0,98.8,99.5,SOUTH AMERICA,0.7000000000000028,99.15,6.150000000000006
BRAZIL,BRA,2018,93.0,98.7,99.4,SOUTH AMERICA,0.7000000000000028,99.05000000000001,6.050000000000011
BRAZIL,BRA,2019,93.0,98.7,99.5,SOUTH AMERICA,0.7999999999999972,99.1,6.099999999999994
BRAZIL,BRA,2020,93.0,99.0,99.5,SOUTH AMERICA,0.5,99.25,6.25
BRAZIL,BRA,2021,93.0,99.1,99.5,SOUTH AMERICA,0.4000000000000057,99.3,6.299999999999997
BRAZIL,BRA,2022,93.0,99.0,99.6,SOUTH AMERICA,0.5999999999999943,99.3,6.299999999999997
BRAZIL,BRA,2023,93.0,99.0,99.6,SOUTH AMERICA,0.5999999999999943,99.3,6.299999999999997
BRUNEI,BRN,1991,88.0,98.0,98.0,ASIA,0.0,98.0,10.0
BRUNEI,BRN,2001,93.0,99.0,99.0,ASIA,0.0,99.0,6.0
BRUNEI,BRN,2011,96.0,99.0,100.0,ASIA,1.0,99.5,3.5
BULGARIA,BGR,2001,98.0,98.0,98.0,EUROPE,0.0,98.0,0.0
BULGARIA,BGR,2011,98.0,98.0,98.0,EUROPE,0.0,98.0,0.0
BURKINA FASO,BFA,1991,14.0,27.0,14.0,AFRICA,13.0,20.5,6.5
BURKINA FASO,BFA,1996,13.0,25.0,14.0,AFRICA,11.0,19.5,6.5
BURKINA FASO,BFA,2003,22.0,38.0,25.0,AFRICA,13.0,31.5,9.5
BURKINA FASO,BFA,2005,24.0,40.0,26.0,AFRICA,14.0,33.0,9.0
BURKINA FASO,BFA,2006,22.0,40.0,27.0,AFRICA,13.0,33.5,11.5
BURKINA FASO,BFA,2007,28.0,47.0,33.0,AFRICA,14.0,40.0,12.0
BURKINA FASO,BFA,2010,28.0,47.04,27.24,AFRICA,19.8,37.14,9.14
BURKINA FASO,BFA,2014,35.0,57.0,44.0,AFRICA,13.0,50.5,15.5
BURKINA FASO,BFA,2018,39.0,64.0,54.0,AFRICA,10.0,59.0,20.0
BURKINA FASO,BFA,2019,30.0,51.0,44.0,AFRICA,7.0,47.5,17.5
BURKINA FASO,BFA,2021,36.96738,66.64593,58.758,AFRICA,7.887930000000004,62.701965,25.734585000000003
BURKINA FASO,BFA,2022,40.92361,65.47311,60.56925,AFRICA,4.903860000000009,63.02118,22.097570000000005
BURUNDI,BDI,1990,37.0,59.0,48.0,AFRICA,11.0,53.5,16.5
BURUNDI,BDI,2000,59.0,77.0,70.0,AFRICA,7.0,73.5,14.5
BURUNDI,BDI,2005,59.0,77.0,52.83,AFRICA,24.17,64.91499999999999,5.914999999999992
BURUNDI,BDI,2008,48.0,67.0,57.0,AFRICA,10.0,62.0,14.0
BURUNDI,BDI,2010,48.0,82.66,66.51,AFRICA,16.14999999999999,74.58500000000001,26.585000000000008
BURUNDI,BDI,2014,62.0,85.0,75.0,AFRICA,10.0,80.0,18.0
BURUNDI,BDI,2016,65.68774,86.7551,82.08605,AFRICA,4.669049999999999,84.420575,18.732834999999994
BURUNDI,BDI,2017,68.0,91.0,86.0,AFRICA,5.0,88.5,20.5
CAMBODIA,KHM,1998,67.0,82.0,71.0,ASIA,11.0,76.5,9.5
CAMBODIA,KHM,2000,67.0,82.0,54.67,ASIA,27.33,68.33500000000001,1.335000000000008
CAMBODIA,KHM,2004,74.0,88.0,79.0,ASIA,9.0,83.5,9.5
CAMBODIA,KHM,2005,74.0,100.0,67.33,ASIA,32.67,83.66499999999999,9.664999999999992
CAMBODIA,KHM,2008,77.0,89.0,86.0,ASIA,3.0,87.5,10.5
CAMBODIA,KHM,2009,76.0,88.0,86.0,ASIA,2.0,87.0,11.0
CAMBODIA,KHM,2010,76.0,80.6,78.02,ASIA,2.5799999999999983,79.31,3.3100000000000023
CAMBODIA,KHM,2014,78.0,90.0,90.0,ASIA,0.0,90.0,12.0
CAMBODIA,KHM,2015,81.0,92.0,93.0,ASIA,1.0,92.5,11.5
CAMBODIA,KHM,2021,71.92725,90.30829,93.50569,ASIA,3.197400000000002,91.90699000000001,19.979740000000007
CAMEROON,CMR,2000,68.0,88.0,78.0,AFRICA,10.0,83.0,15.0
CAMEROON,CMR,2004,68.0,81.39,67.65,AFRICA,13.739999999999995,74.52000000000001,6.52000000000001
CAMEROON,CMR,2006,68.0,81.39,64.67,AFRICA,16.72,73.03,5.030000000000001
CAMEROON,CMR,2007,71.0,89.0,77.0,AFRICA,12.0,83.0,12.0
CAMEROON,CMR,2010,71.0,85.0,76.0,AFRICA,9.0,80.5,9.5
CAMEROON,CMR,2011,71.0,86.92,73.41,AFRICA,13.510000000000005,80.16499999999999,9.164999999999992
CAMEROON,CMR,2014,71.0,86.92,100.0,AFRICA,13.079999999999998,93.46000000000001,22.460000000000008
CAMEROON,CMR,2018,72.54713,87.59698,76.3945,AFRICA,11.202480000000008,81.99574,9.448610000000002
CAPE VERDE,CPV,1990,63.0,90.0,86.0,AFRICA,4.0,88.0,25.0
CAPE VERDE,CPV,2012,85.0,98.0,98.0,AFRICA,0.0,98.0,13.0
CAPE VERDE,CPV,2015,87.0,98.0,99.0,AFRICA,1.0,98.5,11.5
CAYMAN ISLANDS,CYM,2007,99.0,99.0,99.0,NORTH AMERICA,0.0,99.0,0.0
CENTRAL AFRICAN REPUBLIC,CAF,2000,51.0,73.0,49.0,AFRICA,24.0,61.0,10.0
CENTRAL AFRICAN REPUBLIC,CAF,2006,51.0,73.0,21.51,AFRICA,51.489999999999995,47.255,-3.7449999999999974
CENTRAL AFRICAN REPUBLIC,CAF,2010,51.0,73.0,27.63,AFRICA,45.370000000000005,50.315,-0.6850000000000023
CENTRAL AFRICAN REPUBLIC,CAF,2019,42.44279,64.90382,36.67682,AFRICA,28.226999999999997,50.790319999999994,8.347529999999992
CHAD,TCD,1993,11.0,26.0,9.0,AFRICA,17.0,17.5,6.5
CHAD,TCD,2000,26.0,56.0,23.0,AFRICA,33.0,39.5,13.5
CHAD,TCD,2004,28.0,54.0,31.0,AFRICA,23.0,42.5,14.5
CHAD,TCD,2010,28.0,54.0,16.88,AFRICA,37.120000000000005,35.44,7.439999999999998
CHAD,TCD,2016,22.0,41.0,22.0,AFRICA,19.0,31.5,9.5
CHAD,TCD,2019,30.62792,56.26247,33.32039,AFRICA,22.942079999999997,44.791430000000005,14.163510000000006
CHILE,CHL,1992,94.0,98.0,99.0,SOUTH AMERICA,1.0,98.5,4.5
CHILE,CHL,2000,94.0,98.9,99.3,SOUTH AMERICA,0.3999999999999915,99.1,5.099999999999994
CHILE,CHL,2002,96.0,99.0,99.0,SOUTH AMERICA,0.0,99.0,3.0
CHILE,CHL,2003,96.0,98.9,99.4,SOUTH AMERICA,0.5,99.15,3.1500000000000057
CHILE,CHL,2006,96.0,98.9,99.3,SOUTH AMERICA,0.3999999999999915,99.1,3.0999999999999943
CHILE,CHL,2009,96.0,99.2,99.5,SOUTH AMERICA,0.29999999999999716,99.35,3.3499999999999943
CHILE,CHL,2011,97.0,99.2,99.6,SOUTH AMERICA,0.3999999999999915,99.4,2.4000000000000057
CHILE,CHL,2013,96.0,99.0,99.1,SOUTH AMERICA,0.09999999999999432,99.05,3.049999999999997
CHILE,CHL,2015,97.0,99.3,99.4,SOUTH AMERICA,0.10000000000000853,99.35,2.3499999999999943
CHILE,CHL,2017,96.0,99.0,99.0,SOUTH AMERICA,0.0,99.0,3.0
CHILE,CHL,2022,96.0,99.1,99.5,SOUTH AMERICA,0.4000000000000057,99.3,3.299999999999997
CHINA,CHN,1990,78.0,97.0,91.0,ASIA,6.0,94.0,16.0
CHINA,CHN,2000,91.0,99.0,99.0,ASIA,0.0,99.0,8.0
CHINA,CHN,2010,95.0,100.0,100.0,ASIA,0.0,100.0,5.0
CHINA,CHN,2020,97.0,100.0,100.0,ASIA,0.0,100.0,3.0
COLOMBIA,COL,1993,91.0,95.0,96.0,SOUTH AMERICA,1.0,95.5,4.5
COLOMBIA,COL,1996,91.0,96.0,98.0,SOUTH AMERICA,2.0,97.0,6.0
COLOMBIA,COL,2000,91.0,96.0,100.0,SOUTH AMERICA,4.0,98.0,7.0
COLOMBIA,COL,2002,91.0,96.9,98.0,SOUTH AMERICA,1.0999999999999943,97.45,6.450000000000003
COLOMBIA,COL,2003,91.0,96.7,98.3,SOUTH AMERICA,1.5999999999999943,97.5,6.5
COLOMBIA,COL,2004,93.0,97.5,98.4,SOUTH AMERICA,0.9000000000000057,97.95,4.950000000000003
COLOMBIA,COL,2005,93.0,97.6,98.4,SOUTH AMERICA,0.8000000000000114,98.0,5.0
COLOMBIA,COL,2006,92.0,98.0,98.0,SOUTH AMERICA,0.0,98.0,6.0
COLOMBIA,COL,2007,93.0,97.0,98.0,SOUTH AMERICA,1.0,97.5,4.5
COLOMBIA,COL,2008,93.0,97.5,98.4,SOUTH AMERICA,0.9000000000000057,97.95,4.950000000000003
COLOMBIA,COL,2009,93.0,97.4,98.4,SOUTH AMERICA,1.0,97.9,4.900000000000006
COLOMBIA,COL,2010,93.0,97.8,98.6,SOUTH AMERICA,0.7999999999999972,98.19999999999999,5.199999999999989
COLOMBIA,COL,2011,94.0,97.8,98.8,SOUTH AMERICA,1.0,98.3,4.299999999999997
COLOMBIA,COL,2012,94.0,97.8,98.7,SOUTH AMERICA,0.9000000000000057,98.25,4.25
COLOMBIA,COL,2013,94.0,97.8,98.8,SOUTH AMERICA,1.0,98.3,4.299999999999997
COLOMBIA,COL,2014,94.0,98.1,98.9,SOUTH AMERICA,0.8000000000000114,98.5,4.5
COLOMBIA,COL,2015,94.0,98.2,98.9,SOUTH AMERICA,0.7000000000000028,98.55000000000001,4.550000000000011
COLOMBIA,COL,2016,95.0,98.3,99.0,SOUTH AMERICA,0.7000000000000028,98.65,3.6500000000000057
COLOMBIA,COL,2017,95.0,98.3,99.0,SOUTH AMERICA,0.7000000000000028,98.65,3.6500000000000057
COLOMBIA,COL,2018,95.0,98.7,99.1,SOUTH AMERICA,0.3999999999999915,98.9,3.9000000000000057
COLOMBIA,COL,2019,95.0,98.5,99.2,SOUTH AMERICA,0.7000000000000028,98.85,3.8499999999999943
COLOMBIA,COL,2020,96.0,98.7,99.3,SOUTH AMERICA,0.5999999999999943,99.0,3.0
COLOMBIA,COL,2021,96.0,98.8,99.4,SOUTH AMERICA,0.6000000000000085,99.1,3.0999999999999943
COLOMBIA,COL,2022,96.0,98.6,99.2,SOUTH AMERICA,0.6000000000000085,98.9,2.9000000000000057
COLOMBIA,COL,2023,96.0,98.7,99.2,SOUTH AMERICA,0.5,98.95,2.950000000000003
COMOROS,COM,2000,68.0,84.0,78.0,AFRICA,6.0,81.0,13.0
COMOROS,COM,2012,68.0,85.0,78.59,AFRICA,6.409999999999997,81.795,13.795000000000002
CONGO,COG,2005,76.0,88.0,71.0,AFRICA,17.0,79.5,3.5
COSTA RICA,CRI,2000,95.0,97.0,98.0,NORTH AMERICA,1.0,97.5,2.5
COSTA RICA,CRI,2011,97.0,99.0,99.0,NORTH AMERICA,0.0,99.0,2.0
COSTA RICA,CRI,2018,97.0,74.78,99.63372,NORTH AMERICA,24.853719999999996,87.20686,-9.793139999999994
COTE D'IVOIRE,CIV,1998,36.0,54.0,40.0,AFRICA,14.0,47.0,11.0
COTE D'IVOIRE,CIV,2000,49.0,71.0,52.0,AFRICA,19.0,61.5,12.5
COTE D'IVOIRE,CIV,2006,49.0,71.0,38.57,AFRICA,32.43,54.785,5.784999999999997
COTE D'IVOIRE,CIV,2014,44.0,59.0,47.0,AFRICA,12.0,53.0,9.0
COTE D'IVOIRE,CIV,2016,50.03968,71.98823,54.73764,AFRICA,17.250590000000003,63.362935,13.323255000000003
COTE D'IVOIRE,CIV,2019,90.0,93.0,76.0,AFRICA,17.0,84.5,-5.5
COTE D'IVOIRE,CIV,2021,50.00064,76.16145,58.31827,AFRICA,17.843180000000004,67.23986,17.239219999999996
CROATIA,HRV,1991,97.0,100.0,100.0,EUROPE,0.0,100.0,3.0
CROATIA,HRV,2001,98.0,100.0,100.0,EUROPE,0.0,100.0,2.0
CUBA,CUB,2002,100.0,100.0,100.0,NORTH AMERICA,0.0,100.0,0.0
CUBA,CUB,2012,100.0,100.0,100.0,NORTH AMERICA,0.0,100.0,0.0
CUBA,CUB,2019,97.65491,99.53119,99.70794,NORTH AMERICA,0.1767499999999984,99.619565,1.9646549999999934
CYPRUS,CYP,1992,94.0,100.0,100.0,EUROPE,0.0,100.0,6.0
CYPRUS,CYP,2001,97.0,100.0,100.0,EUROPE,0.0,100.0,3.0
CYPRUS,CYP,2011,99.0,100.0,100.0,EUROPE,0.0,100.0,1.0
DEMOCRATIC REPUBLIC OF CONGO,COD,2001,67.0,78.0,63.0,AFRICA,15.0,70.5,3.5
DEMOCRATIC REPUBLIC OF CONGO,COD,2007,67.0,87.36,62.97,AFRICA,24.39,75.16499999999999,8.164999999999992
DEMOCRATIC REPUBLIC OF CONGO,COD,2010,67.0,87.36,64.32,AFRICA,23.040000000000006,75.84,8.840000000000003
DEMOCRATIC REPUBLIC OF CONGO,COD,2012,75.0,91.0,77.0,AFRICA,14.0,84.0,9.0
DEMOCRATIC REPUBLIC OF CONGO,COD,2013,75.0,92.56,76.58,AFRICA,15.980000000000004,84.57,9.569999999999993
DEMOCRATIC REPUBLIC OF CONGO,COD,2016,77.0,91.0,80.0,AFRICA,11.0,85.5,8.5
DEMOCRATIC REPUBLIC OF CONGO,COD,2018,73.55303,90.81754,77.53746,AFRICA,13.280079999999998,84.1775,10.624469999999988
DJIBOUTI,DJI,2006,61.0,89.5,51.81,AFRICA,37.69,70.655,9.655000000000001
DOMINICAN REPUBLIC,DOM,2000,73.0,93.2,96.5,NORTH AMERICA,3.299999999999997,94.85,21.849999999999994
DOMINICAN REPUBLIC,DOM,2001,73.0,94.3,96.6,NORTH AMERICA,2.299999999999997,95.44999999999999,22.44999999999999
DOMINICAN REPUBLIC,DOM,2002,87.0,93.8,96.5,NORTH AMERICA,2.700000000000003,95.15,8.150000000000006
DOMINICAN REPUBLIC,DOM,2003,87.0,94.7,96.9,NORTH AMERICA,2.200000000000003,95.80000000000001,8.800000000000011
DOMINICAN REPUBLIC,DOM,2004,87.0,95.2,96.7,NORTH AMERICA,1.5,95.95,8.950000000000003
DOMINICAN REPUBLIC,DOM,2005,87.0,96.2,97.3,NORTH AMERICA,1.0999999999999943,96.75,9.75
DOMINICAN REPUBLIC,DOM,2006,87.0,95.3,97.9,NORTH AMERICA,2.6000000000000085,96.6,9.599999999999994
DOMINICAN REPUBLIC,DOM,2007,88.0,97.2,97.8,NORTH AMERICA,0.5999999999999943,97.5,9.5
DOMINICAN REPUBLIC,DOM,2008,88.0,95.6,97.4,NORTH AMERICA,1.8000000000000114,96.5,8.5
DOMINICAN REPUBLIC,DOM,2009,88.0,96.2,98.4,NORTH AMERICA,2.200000000000003,97.30000000000001,9.300000000000011
DOMINICAN REPUBLIC,DOM,2010,90.0,96.2,97.9,NORTH AMERICA,1.7000000000000028,97.05000000000001,7.050000000000011
DOMINICAN REPUBLIC,DOM,2011,90.0,96.5,98.6,NORTH AMERICA,2.0999999999999943,97.55,7.549999999999997
DOMINICAN REPUBLIC,DOM,2012,90.0,96.7,98.0,NORTH AMERICA,1.2999999999999972,97.35,7.349999999999994
DOMINICAN REPUBLIC,DOM,2013,91.0,97.6,98.3,NORTH AMERICA,0.7000000000000028,97.94999999999999,6.949999999999989
DOMINICAN REPUBLIC,DOM,2014,92.0,98.0,98.2,NORTH AMERICA,0.20000000000000284,98.1,6.099999999999994
DOMINICAN REPUBLIC,DOM,2015,92.0,98.1,98.1,NORTH AMERICA,0.0,98.1,6.099999999999994
DOMINICAN REPUBLIC,DOM,2016,94.0,98.1,98.8,NORTH AMERICA,0.7000000000000028,98.44999999999999,4.449999999999989
DOMINICAN REPUBLIC,DOM,2017,94.0,97.8,98.4,NORTH AMERICA,0.6000000000000085,98.1,4.099999999999994
DOMINICAN REPUBLIC,DOM,2018,94.0,98.0,99.1,NORTH AMERICA,1.0999999999999943,98.55,4.549999999999997
DOMINICAN REPUBLIC,DOM,2019,94.0,98.3,99.1,NORTH AMERICA,0.7999999999999972,98.69999999999999,4.699999999999989
DOMINICAN REPUBLIC,DOM,2020,94.0,98.6,99.1,NORTH AMERICA,0.5,98.85,4.849999999999994
DOMINICAN REPUBLIC,DOM,2021,94.0,98.7,99.0,NORTH AMERICA,0.29999999999999716,98.85,4.849999999999994
DOMINICAN REPUBLIC,DOM,2022,94.0,98.1,98.9,NORTH AMERICA,0.8000000000000114,98.5,4.5
DOMINICAN REPUBLIC,DOM,2023,94.0,98.3,98.8,NORTH AMERICA,0.5,98.55,4.549999999999997
EAST TIMOR,TLS,2001,38.0,87.25,83.71,ASIA,3.5400000000000063,85.47999999999999,47.47999999999999
EAST TIMOR,TLS,2007,51.0,87.25,83.71,ASIA,3.5400000000000063,85.47999999999999,34.47999999999999
EAST TIMOR,TLS,2009,51.0,87.25,83.71,ASIA,3.5400000000000063,85.47999999999999,34.47999999999999
EAST TIMOR,TLS,2010,58.0,80.0,79.0,ASIA,1.0,79.5,21.5
EAST TIMOR,TLS,2016,65.77913,89.55101,88.72531,ASIA,0.8257000000000119,89.13816,23.359030000000004
ECUADOR,ECU,1990,88.0,97.0,96.0,SOUTH AMERICA,1.0,96.5,8.5
ECUADOR,ECU,2001,91.0,97.6,97.3,SOUTH AMERICA,0.29999999999999716,97.44999999999999,6.449999999999989
ECUADOR,ECU,2003,91.0,96.5,97.4,SOUTH AMERICA,0.9000000000000057,96.95,5.950000000000003
ECUADOR,ECU,2005,91.0,98.3,98.2,SOUTH AMERICA,0.09999999999999432,98.25,7.25
ECUADOR,ECU,2006,91.0,98.3,98.1,SOUTH AMERICA,0.20000000000000284,98.19999999999999,7.199999999999989
ECUADOR,ECU,2007,92.0,98.2,98.6,SOUTH AMERICA,0.3999999999999915,98.4,6.400000000000006
ECUADOR,ECU,2008,92.0,98.4,98.5,SOUTH AMERICA,0.09999999999999432,98.45,6.450000000000003
ECUADOR,ECU,2009,92.0,98.7,98.9,SOUTH AMERICA,0.20000000000000284,98.80000000000001,6.800000000000011
ECUADOR,ECU,2010,92.0,98.5,98.9,SOUTH AMERICA,0.4000000000000057,98.7,6.700000000000003
ECUADOR,ECU,2011,92.0,98.6,98.8,SOUTH AMERICA,0.20000000000000284,98.69999999999999,6.699999999999989
ECUADOR,ECU,2012,92.0,98.8,98.9,SOUTH AMERICA,0.10000000000000853,98.85,6.849999999999994
ECUADOR,ECU,2013,93.0,98.6,98.6,SOUTH AMERICA,0.0,98.6,5.599999999999994
ECUADOR,ECU,2014,94.0,99.0,99.2,SOUTH AMERICA,0.20000000000000284,99.1,5.099999999999994
ECUADOR,ECU,2015,94.0,99.3,98.9,SOUTH AMERICA,0.3999999999999915,99.1,5.099999999999994
ECUADOR,ECU,2016,94.0,99.0,99.1,SOUTH AMERICA,0.09999999999999432,99.05,5.049999999999997
ECUADOR,ECU,2017,93.0,99.1,99.4,SOUTH AMERICA,0.30000000000001137,99.25,6.25
ECUADOR,ECU,2018,93.0,98.9,99.1,SOUTH AMERICA,0.19999999999998863,99.0,6.0
ECUADOR,ECU,2019,93.0,98.2,98.8,SOUTH AMERICA,0.5999999999999943,98.5,5.5
ECUADOR,ECU,2020,94.0,98.5,99.1,SOUTH AMERICA,0.5999999999999943,98.8,4.799999999999997
ECUADOR,ECU,2021,94.0,99.0,99.2,SOUTH AMERICA,0.20000000000000284,99.1,5.099999999999994
ECUADOR,ECU,2022,94.0,99.0,99.2,SOUTH AMERICA,0.20000000000000284,99.1,5.099999999999994
ECUADOR,ECU,2023,94.0,99.0,99.3,SOUTH AMERICA,0.29999999999999716,99.15,5.150000000000006
EGYPT,EGY,1996,56.0,79.0,67.0,AFRICA,12.0,73.0,17.0
EGYPT,EGY,2000,56.0,79.0,77.19,AFRICA,1.8100000000000023,78.095,22.095
EGYPT,EGY,2005,67.0,90.0,79.0,AFRICA,11.0,84.5,17.5
EGYPT,EGY,2006,66.0,88.0,82.0,AFRICA,6.0,85.0,19.0
EGYPT,EGY,2010,72.0,91.0,84.0,AFRICA,7.0,87.5,15.5
EGYPT,EGY,2012,74.0,92.0,86.0,AFRICA,6.0,89.0,15.0
EGYPT,EGY,2013,72.0,94.0,90.0,AFRICA,4.0,92.0,20.0
EGYPT,EGY,2014,72.0,94.0,94.08,AFRICA,0.0799999999999983,94.03999999999999,22.039999999999992
EGYPT,EGY,2017,71.0,89.0,87.0,AFRICA,2.0,88.0,17.0
EGYPT,EGY,2022,71.0,95.51,94.82,AFRICA,0.6900000000000119,95.16499999999999,24.164999999999992
EL SALVADOR,SLV,1992,74.0,85.0,85.0,NORTH AMERICA,0.0,85.0,11.0
EL SALVADOR,SLV,2000,74.0,92.2,92.6,NORTH AMERICA,0.3999999999999915,92.4,18.400000000000006
EL SALVADOR,SLV,2001,74.0,93.5,93.6,NORTH AMERICA,0.09999999999999432,93.55,19.549999999999997
EL SALVADOR,SLV,2002,74.0,92.9,93.6,NORTH AMERICA,0.6999999999999886,93.25,19.25
EL SALVADOR,SLV,2003,74.0,93.3,93.4,NORTH AMERICA,0.10000000000000853,93.35,19.349999999999994
EL SALVADOR,SLV,2004,74.0,93.7,94.0,NORTH AMERICA,0.29999999999999716,93.85,19.849999999999994
EL SALVADOR,SLV,2005,74.0,94.9,94.9,NORTH AMERICA,0.0,94.9,20.900000000000006
EL SALVADOR,SLV,2006,84.0,94.4,95.5,NORTH AMERICA,1.0999999999999943,94.95,10.950000000000003
EL SALVADOR,SLV,2007,82.0,95.2,95.8,NORTH AMERICA,0.5999999999999943,95.5,13.5
EL SALVADOR,SLV,2008,84.0,95.0,96.0,NORTH AMERICA,1.0,95.5,11.5
EL SALVADOR,SLV,2009,84.0,95.1,96.1,NORTH AMERICA,1.0,95.6,11.599999999999994
EL SALVADOR,SLV,2010,84.0,95.7,96.4,NORTH AMERICA,0.7000000000000028,96.05000000000001,12.050000000000011
EL SALVADOR,SLV,2011,85.0,96.0,97.0,NORTH AMERICA,1.0,96.5,11.5
EL SALVADOR,SLV,2012,85.0,96.7,97.6,NORTH AMERICA,0.8999999999999915,97.15,12.150000000000006
EL SALVADOR,SLV,2013,87.0,96.9,97.5,NORTH AMERICA,0.5999999999999943,97.2,10.200000000000003
EL SALVADOR,SLV,2014,87.0,97.3,98.2,NORTH AMERICA,0.9000000000000057,97.75,10.75
EL SALVADOR,SLV,2015,88.0,97.5,98.4,NORTH AMERICA,0.9000000000000057,97.95,9.950000000000003
EL SALVADOR,SLV,2016,88.0,97.7,98.3,NORTH AMERICA,0.5999999999999943,98.0,10.0
EL SALVADOR,SLV,2017,88.0,97.8,98.1,NORTH AMERICA,0.29999999999999716,97.94999999999999,9.949999999999989
EL SALVADOR,SLV,2018,89.0,97.7,98.2,NORTH AMERICA,0.5,97.95,8.950000000000003
EL SALVADOR,SLV,2019,89.0,98.0,98.7,NORTH AMERICA,0.7000000000000028,98.35,9.349999999999994
EL SALVADOR,SLV,2020,90.0,98.3,98.7,NORTH AMERICA,0.4000000000000057,98.5,8.5
EL SALVADOR,SLV,2021,90.0,97.8,98.3,NORTH AMERICA,0.5,98.05,8.049999999999997
EL SALVADOR,SLV,2022,90.0,98.0,98.6,NORTH AMERICA,0.5999999999999943,98.3,8.299999999999997
EL SALVADOR,SLV,2023,90.0,97.6,98.5,NORTH AMERICA,0.9000000000000057,98.05,8.049999999999997
EQUATORIAL GUINEA,GNQ,2000,88.0,98.0,97.0,AFRICA,1.0,97.5,9.5
ERITREA,ERI,2002,53.0,86.0,69.0,AFRICA,17.0,77.5,24.5
ERITREA,ERI,2008,65.0,91.0,83.0,AFRICA,8.0,87.0,22.0
ESTONIA,EST,2000,100.0,100.0,100.0,EUROPE,0.0,100.0,0.0
ESTONIA,EST,2011,100.0,100.0,100.0,EUROPE,0.0,100.0,0.0
ESWATINI,SWZ,2000,82.0,91.0,93.0,AFRICA,2.0,92.0,10.0
ESWATINI,SWZ,2006,82.0,88.81,93.58,AFRICA,4.769999999999996,91.195,9.194999999999993
ESWATINI,SWZ,2010,82.0,88.81,96.32,AFRICA,7.509999999999991,92.565,10.564999999999998
ESWATINI,SWZ,2014,82.0,88.81,100.0,AFRICA,11.189999999999998,94.405,12.405000000000001
ESWATINI,SWZ,2022,90.74702,98.55315,98.77755,AFRICA,0.22440000000000282,98.66535,7.918329999999997
ETHIOPIA,ETH,1994,27.0,39.0,28.0,AFRICA,11.0,33.5,6.5
ETHIOPIA,ETH,2000,27.0,49.47,27.02,AFRICA,22.45,38.245,11.244999999999997
ETHIOPIA,ETH,2004,36.0,62.0,39.0,AFRICA,23.0,50.5,14.5
ETHIOPIA,ETH,2005,36.0,60.07,34.06,AFRICA,26.009999999999998,47.065,11.064999999999998
ETHIOPIA,ETH,2007,39.0,63.0,47.0,AFRICA,16.0,55.0,16.0
ETHIOPIA,ETH,2011,39.0,65.08,43.65,AFRICA,21.43,54.364999999999995,15.364999999999995
ETHIOPIA,ETH,2016,47.49159,79.13417,64.5676,AFRICA,14.566569999999999,71.850885,24.359295000000003
ETHIOPIA,ETH,2019,47.49159,79.13417,70.29423,AFRICA,8.839939999999999,74.7142,27.222610000000003
FIJI,FJI,2021,97.0,96.11,99.41343,OCEANIA,3.303430000000006,97.76171500000001,0.7617150000000095
GABON,GAB,1993,72.0,94.0,92.0,AFRICA,2.0,93.0,21.0
GABON,GAB,2012,72.0,94.88,93.77,AFRICA,1.1099999999999994,94.32499999999999,22.32499999999999
GABON,GAB,2021,88.85834,94.95532,93.04062,AFRICA,1.9146999999999963,93.99797000000001,5.139630000000011
GAMBIA,GMB,2000,37.0,64.0,41.0,AFRICA,23.0,52.5,15.5
GAMBIA,GMB,2006,37.0,64.0,48.15,AFRICA,15.850000000000001,56.075,19.075000000000003
GAMBIA,GMB,2013,37.0,78.39,65.85,AFRICA,12.540000000000006,72.12,35.120000000000005
GAMBIA,GMB,2015,51.0,71.0,64.0,AFRICA,7.0,67.5,16.5
GAMBIA,GMB,2018,53.1602,74.97817,67.01137,AFRICA,7.966800000000006,70.99477,17.83457
GAMBIA,GMB,2021,51.6374,72.01779,62.55218,AFRICA,9.465610000000005,67.284985,15.647585000000007
GEORGIA,GEO,2002,100.0,100.0,100.0,ASIA,0.0,100.0,0.0
GEORGIA,GEO,2005,100.0,100.0,99.9,ASIA,0.09999999999999432,99.95,-0.04999999999999716
GEORGIA,GEO,2014,100.0,100.0,100.0,ASIA,0.0,100.0,0.0
GEORGIA,GEO,2017,99.0,100.0,99.0,ASIA,1.0,99.5,0.5
GEORGIA,GEO,2018,99.65366,99.9046,99.94143,ASIA,0.03682999999999481,99.92301499999999,0.26935499999999024
GEORGIA,GEO,2022,100.0,100.0,100.0,ASIA,0.0,100.0,0.0
GEORGIA,GEO,2023,99.55547,98.88482,99.8423,ASIA,0.9574799999999897,99.36356,-0.19190999999999292
GHANA,GHA,2000,58.0,76.0,65.0,AFRICA,11.0,70.5,12.5
GHANA,GHA,2003,58.0,84.77,73.05,AFRICA,11.719999999999999,78.91,20.909999999999997
GHANA,GHA,2006,58.0,84.77,76.92,AFRICA,7.849999999999994,80.845,22.845
GHANA,GHA,2010,71.0,88.0,83.0,AFRICA,5.0,85.5,14.5
GHANA,GHA,2011,71.0,88.0,84.6,AFRICA,3.4000000000000057,86.3,15.299999999999997
GHANA,GHA,2014,71.0,91.17,83.65,AFRICA,7.519999999999996,87.41,16.409999999999997
GHANA,GHA,2017,64.49239,89.77029,85.2477,AFRICA,4.522590000000008,87.508995,23.016605
GHANA,GHA,2021,76.48568,91.73803,91.30476,AFRICA,0.43326999999999316,91.521395,15.035714999999996
GREECE,GRC,1991,93.0,99.0,99.0,EUROPE,0.0,99.0,6.0
GREECE,GRC,2001,96.0,99.0,99.0,EUROPE,0.0,99.0,3.0
GREECE,GRC,2009,94.0,100.0,99.0,EUROPE,1.0,99.5,5.5
GUAM,GUM,1990,99.0,100.0,100.0,OCEANIA,0.0,100.0,1.0
GUATEMALA,GTM,1994,64.0,82.0,71.0,NORTH AMERICA,11.0,76.5,12.5
GUATEMALA,GTM,2000,64.0,87.7,76.3,NORTH AMERICA,11.400000000000006,82.0,18.0
GUATEMALA,GTM,2002,69.0,86.0,78.0,NORTH AMERICA,8.0,82.0,13.0
GUATEMALA,GTM,2006,69.0,91.4,84.8,NORTH AMERICA,6.6000000000000085,88.1,19.099999999999994
GUATEMALA,GTM,2012,78.0,95.0,92.0,NORTH AMERICA,3.0,93.5,15.5
GUATEMALA,GTM,2013,77.0,94.0,90.0,NORTH AMERICA,4.0,92.0,15.0
GUATEMALA,GTM,2014,81.0,94.9,91.9,NORTH AMERICA,3.0,93.4,12.400000000000006
GUATEMALA,GTM,2015,80.19509,96.67467,93.61574,NORTH AMERICA,3.0589300000000037,95.145205,14.950115000000011
GUATEMALA,GTM,2018,81.0,95.0,94.0,NORTH AMERICA,1.0,94.5,13.5
GUATEMALA,GTM,2022,83.03117,95.85535,94.21057,NORTH AMERICA,1.6447799999999972,95.03296,12.00179
GUATEMALA,GTM,2023,83.03117,97.3,96.7,NORTH AMERICA,0.5999999999999943,97.0,13.968829999999997
GUINEA,GIN,1996,21.0,44.0,13.0,AFRICA,31.0,28.5,7.5
GUINEA,GIN,2003,30.0,59.0,34.0,AFRICA,25.0,46.5,16.5
GUINEA,GIN,2005,30.0,64.19,24.12,AFRICA,40.06999999999999,44.155,14.155000000000001
GUINEA,GIN,2010,25.0,38.0,22.0,AFRICA,16.0,30.0,5.0
GUINEA,GIN,2012,25.0,71.69,37.24,AFRICA,34.449999999999996,54.465,29.465000000000003
GUINEA,GIN,2014,32.0,57.0,37.0,AFRICA,20.0,47.0,15.0
GUINEA,GIN,2016,32.0,57.0,46.62764,AFRICA,10.37236,51.81382,19.81382
GUINEA,GIN,2018,40.0,70.0,43.0,AFRICA,27.0,56.5,16.5
GUINEA-BISSAU,GNB,2000,41.0,75.0,46.0,AFRICA,29.0,60.5,19.5
GUINEA-BISSAU,GNB,2006,41.0,75.0,35.78,AFRICA,39.22,55.39,14.39
GUINEA-BISSAU,GNB,2014,41.0,75.0,100.0,AFRICA,25.0,87.5,46.5
GUINEA-BISSAU,GNB,2019,54.88232,81.83359,68.58931,AFRICA,13.244280000000003,75.21145,20.32913
GUINEA-BISSAU,GNB,2022,63.93413,86.19711,78.26567,AFRICA,7.931439999999995,82.23139,18.29726
GUYANA,GUY,2006,85.63835,95.71,100.0,SOUTH AMERICA,4.290000000000006,97.85499999999999,12.216649999999987
GUYANA,GUY,2009,85.63835,95.71,95.91,SOUTH AMERICA,0.20000000000000284,95.81,10.17165
GUYANA,GUY,2014,85.63835,95.71,100.0,SOUTH AMERICA,4.290000000000006,97.85499999999999,12.216649999999987
GUYANA,GUY,2020,85.63835,99.26508,99.02955,SOUTH AMERICA,0.23552999999999713,99.14731499999999,13.50896499999999
HAITI,HTI,2003,59.0,83.0,81.0,NORTH AMERICA,2.0,82.0,23.0
HAITI,HTI,2012,59.0,86.55,84.3,NORTH AMERICA,2.25,85.425,26.424999999999997
HAITI,HTI,2017,68.00986,88.38471,89.32992,NORTH AMERICA,0.945210000000003,88.857315,20.847454999999997
HONDURAS,HND,2001,80.0,89.7,92.7,NORTH AMERICA,3.0,91.2,11.200000000000003
HONDURAS,HND,2004,80.0,90.2,91.5,NORTH AMERICA,1.2999999999999972,90.85,10.849999999999994
HONDURAS,HND,2005,80.0,89.9,93.6,NORTH AMERICA,3.6999999999999886,91.75,11.75
HONDURAS,HND,2007,84.0,93.0,95.0,NORTH AMERICA,2.0,94.0,10.0
HONDURAS,HND,2009,84.0,92.6,95.2,NORTH AMERICA,2.6000000000000085,93.9,9.900000000000006
HONDURAS,HND,2010,85.0,94.4,95.9,NORTH AMERICA,1.5,95.15,10.150000000000006
HONDURAS,HND,2011,85.0,94.9,96.9,NORTH AMERICA,2.0,95.9,10.900000000000006
HONDURAS,HND,2012,85.0,94.0,96.0,NORTH AMERICA,2.0,95.0,10.0
HONDURAS,HND,2013,85.0,93.9,96.3,NORTH AMERICA,2.3999999999999915,95.1,10.099999999999994
HONDURAS,HND,2014,87.0,95.0,96.3,NORTH AMERICA,1.2999999999999972,95.65,8.650000000000006
HONDURAS,HND,2015,88.0,95.0,97.0,NORTH AMERICA,2.0,96.0,8.0
HONDURAS,HND,2016,89.0,94.9,97.2,NORTH AMERICA,2.299999999999997,96.05000000000001,7.050000000000011
HONDURAS,HND,2018,87.0,94.9,98.2,NORTH AMERICA,3.299999999999997,96.55000000000001,9.550000000000011
HONDURAS,HND,2019,89.0,94.8,97.3,NORTH AMERICA,2.5,96.05,7.049999999999997
HONDURAS,HND,2023,89.0,94.6,96.5,NORTH AMERICA,1.9000000000000057,95.55,6.549999999999997
INDIA,IND,1991,48.0,74.0,49.0,ASIA,25.0,61.5,13.5
INDIA,IND,2001,61.0,84.0,68.0,ASIA,16.0,76.0,15.0
INDIA,IND,2006,63.0,88.0,74.0,ASIA,14.0,81.0,18.0
INDIA,IND,2011,69.0,90.0,82.0,ASIA,8.0,86.0,17.0
INDIA,IND,2016,69.0,93.55494,86.73757,ASIA,6.817369999999997,90.146255,21.146254999999996
INDIA,IND,2020,69.0,99.07,90.95,ASIA,8.11999999999999,95.00999999999999,26.00999999999999
INDIA,IND,2022,76.0,97.0,96.0,ASIA,1.0,96.5,20.5
INDIA,IND,2023,82.0,98.0,96.0,ASIA,2.0,97.0,15.0
INDONESIA,IDN,1990,82.0,97.0,95.0,ASIA,2.0,96.0,14.0
INDONESIA,IDN,2004,90.0,99.0,99.0,ASIA,0.0,99.0,9.0
INDONESIA,IDN,2006,92.0,97.0,96.0,ASIA,1.0,96.5,4.5
INDONESIA,IDN,2008,92.0,100.0,99.0,ASIA,1.0,99.5,7.5
INDONESIA,IDN,2009,93.0,100.0,99.0,ASIA,1.0,99.5,6.5
INDONESIA,IDN,2011,93.0,99.0,99.0,ASIA,0.0,99.0,6.0
INDONESIA,IDN,2014,95.0,100.0,100.0,ASIA,0.0,100.0,5.0
INDONESIA,IDN,2015,95.0,100.0,100.0,ASIA,0.0,100.0,5.0
INDONESIA,IDN,2016,95.0,100.0,100.0,ASIA,0.0,100.0,5.0
INDONESIA,IDN,2017,95.0,99.93,99.29,ASIA,0.6400000000000006,99.61000000000001,4.610000000000014
INDONESIA,IDN,2018,96.0,100.0,100.0,ASIA,0.0,100.0,4.0
INDONESIA,IDN,2020,96.0,100.0,100.0,ASIA,0.0,100.0,4.0
INDONESIA,IDN,2022,96.0,92.91,94.72,ASIA,1.8100000000000023,93.815,-2.1850000000000023
IRAN,IRN,1991,66.0,92.0,81.0,ASIA,11.0,86.5,20.5
IRAN,IRN,1996,73.0,96.0,91.0,ASIA,5.0,93.5,20.5
IRAN,IRN,2002,77.0,96.0,91.0,ASIA,5.0,93.5,16.5
IRAN,IRN,2005,82.0,98.0,97.0,ASIA,1.0,97.5,15.5
IRAN,IRN,2006,82.0,97.0,96.0,ASIA,1.0,96.5,14.5
IRAN,IRN,2008,83.0,98.0,97.0,ASIA,1.0,97.5,14.5
IRAN,IRN,2012,84.0,98.0,98.0,ASIA,0.0,98.0,14.0
IRAN,IRN,2013,85.0,98.0,97.0,ASIA,1.0,97.5,12.5
IRAN,IRN,2014,85.0,98.0,98.0,ASIA,0.0,98.0,13.0
IRAN,IRN,2016,86.0,98.0,98.0,ASIA,0.0,98.0,12.0
IRAQ,IRQ,2000,74.0,89.0,80.0,ASIA,9.0,84.5,10.5
IRAQ,IRQ,2006,74.0,89.0,72.85,ASIA,16.150000000000006,80.925,6.924999999999997
IRAQ,IRQ,2011,74.0,89.0,71.93,ASIA,17.069999999999993,80.465,6.465000000000003
IRAQ,IRQ,2012,77.0,87.0,79.0,ASIA,8.0,83.0,6.0
IRAQ,IRQ,2014,82.0,92.0,86.0,ASIA,6.0,89.0,7.0
IRAQ,IRQ,2016,83.0,93.0,88.0,ASIA,5.0,90.5,7.5
IRAQ,IRQ,2017,86.0,95.0,92.0,ASIA,3.0,93.5,7.5
IRAQ,IRQ,2018,86.0,95.0,87.38115,ASIA,7.618849999999995,91.190575,5.1905749999999955
ITALY,ITA,2001,98.0,100.0,100.0,EUROPE,0.0,100.0,2.0
ITALY,ITA,2011,99.0,100.0,100.0,EUROPE,0.0,100.0,1.0
ITALY,ITA,2019,99.0,100.0,100.0,EUROPE,0.0,100.0,1.0
JAMAICA,JAM,1999,80.0,87.0,96.0,NORTH AMERICA,9.0,91.5,11.5
JAMAICA,JAM,2005,80.0,87.0,99.77,NORTH AMERICA,12.769999999999996,93.38499999999999,13.384999999999991
JAMAICA,JAM,2011,80.0,87.0,99.72,NORTH AMERICA,12.719999999999999,93.36,13.36
JAMAICA,JAM,2022,80.0,88.23,99.29619,NORTH AMERICA,11.066189999999992,93.76309499999999,13.763094999999993
JORDAN,JOR,2003,90.0,99.0,99.0,ASIA,0.0,99.0,9.0
JORDAN,JOR,2005,91.0,99.0,99.0,ASIA,0.0,99.0,8.0
JORDAN,JOR,2007,92.0,99.0,99.0,ASIA,0.0,99.0,7.0
JORDAN,JOR,2010,93.0,99.0,99.0,ASIA,0.0,99.0,6.0
JORDAN,JOR,2011,96.0,99.0,99.0,ASIA,0.0,99.0,3.0
JORDAN,JOR,2012,98.0,99.0,99.0,ASIA,0.0,99.0,1.0
JORDAN,JOR,2018,95.43145,97.42178,95.90284,ASIA,1.5189400000000006,96.66230999999999,1.2308599999999927
JORDAN,JOR,2023,95.0,99.0,99.0,ASIA,0.0,99.0,4.0
KAZAKHSTAN,KAZ,1999,100.0,100.0,100.0,ASIA,0.0,100.0,0.0
KAZAKHSTAN,KAZ,2006,100.0,100.0,100.0,ASIA,0.0,100.0,0.0
KAZAKHSTAN,KAZ,2009,100.0,100.0,100.0,ASIA,0.0,100.0,0.0
KAZAKHSTAN,KAZ,2015,100.0,100.0,100.0,ASIA,0.0,100.0,0.0
KENYA,KEN,2000,82.0,93.0,92.0,AFRICA,1.0,92.5,10.5
KENYA,KEN,2014,82.0,94.02,92.31,AFRICA,1.7099999999999937,93.16499999999999,11.164999999999992
KENYA,KEN,2022,82.0,96.14752,95.28072,AFRICA,0.8667999999999978,95.71412000000001,13.714120000000008
KIRIBATI,KIR,2018,97.95971,95.83073,98.50159,OCEANIA,2.6708599999999905,97.16615999999999,-0.7935500000000104
KUWAIT,KWT,1995,78.0,94.0,90.0,ASIA,4.0,92.0,14.0
KUWAIT,KWT,2005,93.0,100.0,100.0,ASIA,0.0,100.0,7.0
KUWAIT,KWT,2006,93.0,99.0,98.0,ASIA,1.0,98.5,5.5
KUWAIT,KWT,2007,94.0,98.0,99.0,ASIA,1.0,98.5,4.5
KUWAIT,KWT,2008,94.0,99.0,99.0,ASIA,0.0,99.0,5.0
KUWAIT,KWT,2010,94.0,99.0,99.0,ASIA,0.0,99.0,5.0
KUWAIT,KWT,2012,96.0,99.0,99.0,ASIA,0.0,99.0,3.0
KUWAIT,KWT,2013,96.0,99.0,99.0,ASIA,0.0,99.0,3.0
KUWAIT,KWT,2015,96.0,99.0,99.0,ASIA,0.0,99.0,3.0
KUWAIT,KWT,2017,96.0,99.0,99.0,ASIA,0.0,99.0,3.0
KUWAIT,KWT,2018,96.0,99.0,100.0,ASIA,1.0,99.5,3.5
KUWAIT,KWT,2020,96.0,99.0,100.0,ASIA,1.0,99.5,3.5
KYRGYZSTAN,KGZ,1999,99.0,100.0,100.0,ASIA,0.0,100.0,1.0
KYRGYZSTAN,KGZ,2009,99.0,100.0,100.0,ASIA,0.0,100.0,1.0
KYRGYZSTAN,KGZ,2014,99.0,100.0,99.79,ASIA,0.20999999999999375,99.89500000000001,0.8950000000000102
LAOS,LAO,1995,60.0,79.0,64.0,ASIA,15.0,71.5,11.5
LAOS,LAO,2000,70.0,88.0,74.0,ASIA,14.0,81.0,11.0
LAOS,LAO,2001,69.0,83.0,75.0,ASIA,8.0,79.0,10.0
LAOS,LAO,2005,73.0,89.0,79.0,ASIA,10.0,84.0,11.0
LAOS,LAO,2006,73.0,89.0,67.08,ASIA,21.92,78.03999999999999,5.039999999999992
LAOS,LAO,2015,85.0,94.0,91.0,ASIA,3.0,92.5,7.5
LAOS,LAO,2017,85.0,91.20028,84.4665,ASIA,6.73378000000001,87.83339000000001,2.8333900000000085
LATVIA,LVA,2000,100.0,100.0,100.0,EUROPE,0.0,100.0,0.0
LATVIA,LVA,2011,100.0,100.0,100.0,EUROPE,0.0,100.0,0.0
LEBANON,LBN,2007,90.0,98.0,99.0,ASIA,1.0,98.5,8.5
LEBANON,LBN,2009,91.0,99.0,99.0,ASIA,0.0,99.0,8.0
LEBANON,LBN,2018,93.0,98.0,96.0,ASIA,2.0,97.0,4.0
LESOTHO,LSO,2000,86.0,85.0,97.0,AFRICA,12.0,91.0,5.0
LESOTHO,LSO,2006,66.0,66.0,85.0,AFRICA,19.0,75.5,9.5
LESOTHO,LSO,2009,66.0,82.23,94.25,AFRICA,12.019999999999996,88.24000000000001,22.24000000000001
LESOTHO,LSO,2014,66.0,87.37,96.52,AFRICA,9.149999999999991,91.945,25.944999999999993
LESOTHO,LSO,2016,97.0,97.0,100.0,AFRICA,3.0,98.5,1.5
LESOTHO,LSO,2018,86.24087,92.35318,98.26914,AFRICA,5.915959999999998,95.31116,9.07029
LIBERIA,LBR,2007,32.0,77.33,51.49,AFRICA,25.839999999999996,64.41,32.41
LIBERIA,LBR,2013,32.0,83.75,63.2,AFRICA,20.549999999999997,73.475,41.474999999999994
LITHUANIA,LTU,2001,100.0,100.0,100.0,EUROPE,0.0,100.0,0.0
LITHUANIA,LTU,2011,100.0,100.0,100.0,EUROPE,0.0,100.0,0.0
MACAO,MAC,2001,91.0,99.0,100.0,ASIA,1.0,99.5,8.5
MACAO,MAC,2006,93.0,100.0,100.0,ASIA,0.0,100.0,7.0
MACAO,MAC,2011,96.0,100.0,100.0,ASIA,0.0,100.0,4.0
MACAO,MAC,2016,97.0,100.0,100.0,ASIA,0.0,100.0,3.0
MADAGASCAR,MDG,2000,71.0,73.0,68.0,AFRICA,5.0,70.5,-0.5
MADAGASCAR,MDG,2005,59.0,59.0,56.0,AFRICA,3.0,57.5,-1.5
MADAGASCAR,MDG,2012,72.0,78.0,75.0,AFRICA,3.0,76.5,4.5
MADAGASCAR,MDG,2018,77.0,81.0,79.0,AFRICA,2.0,80.0,3.0
MADAGASCAR,MDG,2021,74.68614,82.52617,82.23735,AFRICA,0.288819999999987,82.38176,7.695620000000005
MALAWI,MWI,1998,64.0,82.0,71.0,AFRICA,11.0,76.5,12.5
MALAWI,MWI,2006,64.0,82.0,72.23,AFRICA,9.769999999999996,77.11500000000001,13.115000000000009
MALAWI,MWI,2014,64.0,82.0,75.73,AFRICA,6.269999999999996,78.86500000000001,14.865000000000009
MALAWI,MWI,2020,70.15227,81.30133,80.14176,AFRICA,1.159569999999988,80.72154499999999,10.56927499999999
MALAYSIA,MYS,1991,83.0,96.0,95.0,ASIA,1.0,95.5,12.5
MALAYSIA,MYS,2000,89.0,97.0,97.0,ASIA,0.0,97.0,8.0
MALAYSIA,MYS,2010,93.0,98.0,98.0,ASIA,0.0,98.0,5.0
MALAYSIA,MYS,2016,95.0,97.0,98.0,ASIA,1.0,97.5,2.5
MALAYSIA,MYS,2017,95.0,97.0,97.0,ASIA,0.0,97.0,2.0
MALAYSIA,MYS,2018,95.0,97.0,97.0,ASIA,0.0,97.0,2.0
MALAYSIA,MYS,2019,95.0,97.0,97.0,ASIA,0.0,97.0,2.0
MALAYSIA,MYS,2022,96.0,99.0,98.0,ASIA,1.0,98.5,2.5
MALDIVES,MDV,1990,96.0,98.0,98.0,ASIA,0.0,98.0,2.0
MALDIVES,MDV,1995,96.0,98.0,98.0,ASIA,0.0,98.0,2.0
MALDIVES,MDV,2000,96.0,98.0,98.0,ASIA,0.0,98.0,2.0
MALDIVES,MDV,2006,98.0,99.0,99.0,ASIA,0.0,99.0,1.0
MALDIVES,MDV,2014,99.0,99.0,99.0,ASIA,0.0,99.0,0.0
MALDIVES,MDV,2016,98.0,98.0,99.0,ASIA,1.0,98.5,0.5
MALDIVES,MDV,2017,94.50551,97.31116,99.67299,ASIA,2.3618299999999977,98.492075,3.986564999999999
MALDIVES,MDV,2019,98.21186,98.62147,98.86908,ASIA,0.24760999999999456,98.74527499999999,0.5334149999999909
MALI,MLI,1998,19.0,32.0,17.0,AFRICA,15.0,24.5,5.5
MALI,MLI,2003,24.0,32.0,17.0,AFRICA,15.0,24.5,0.5
MALI,MLI,2006,26.0,47.0,31.0,AFRICA,16.0,39.0,13.0
MALI,MLI,2010,31.0,56.0,34.0,AFRICA,22.0,45.0,14.0
MALI,MLI,2011,31.0,56.0,30.0,AFRICA,26.0,43.0,12.0
MALI,MLI,2015,33.0,61.0,39.0,AFRICA,22.0,50.0,17.0
MALI,MLI,2018,35.0,58.0,43.0,AFRICA,15.0,50.5,15.5
MALI,MLI,2020,35.0,44.16,60.92,AFRICA,16.760000000000005,52.54,17.54
MALTA,MLT,1995,88.0,94.0,98.0,EUROPE,4.0,96.0,8.0
MALTA,MLT,2005,92.0,97.0,99.0,EUROPE,2.0,98.0,6.0
MALTA,MLT,2011,93.0,98.0,99.0,EUROPE,1.0,98.5,5.5
MARSHALL ISLANDS,MHL,2011,98.0,98.0,99.0,OCEANIA,1.0,98.5,0.5
MAURITANIA,MRT,2000,51.0,68.0,55.0,AFRICA,13.0,61.5,10.5
MAURITANIA,MRT,2007,51.0,68.0,47.94,AFRICA,20.060000000000002,57.97,6.969999999999999
MAURITANIA,MRT,2011,51.0,68.0,57.65,AFRICA,10.350000000000001,62.825,11.825000000000003
MAURITANIA,MRT,2013,62.0,74.0,68.0,AFRICA,6.0,71.0,9.0
MAURITANIA,MRT,2015,65.11202,86.73236,75.69968,AFRICA,11.03268,81.21602,16.104
MAURITANIA,MRT,2020,59.52966,75.25897,66.98027,AFRICA,8.2787,71.11962,11.589959999999998
MAURITIUS,MUS,1990,80.0,91.0,92.0,AFRICA,1.0,91.5,11.5
MAURITIUS,MUS,2000,84.0,94.0,95.0,AFRICA,1.0,94.5,10.5
MAURITIUS,MUS,2011,89.0,98.0,99.0,AFRICA,1.0,98.5,9.5
MAURITIUS,MUS,2012,92.0,98.0,99.0,AFRICA,1.0,98.5,6.5
MAURITIUS,MUS,2013,91.0,98.0,99.0,AFRICA,1.0,98.5,7.5
MAURITIUS,MUS,2014,92.0,98.0,99.0,AFRICA,1.0,98.5,6.5
MAURITIUS,MUS,2015,93.0,98.0,99.0,AFRICA,1.0,98.5,5.5
MAURITIUS,MUS,2016,93.0,98.0,99.0,AFRICA,1.0,98.5,5.5
MEXICO,MEX,1990,88.0,96.0,95.0,NORTH AMERICA,1.0,95.5,7.5
MEXICO,MEX,2000,91.0,97.2,97.4,NORTH AMERICA,0.20000000000000284,97.30000000000001,6.300000000000011
MEXICO,MEX,2002,90.0,97.8,97.2,NORTH AMERICA,0.5999999999999943,97.5,7.5
MEXICO,MEX,2004,91.0,97.1,97.5,NORTH AMERICA,0.4000000000000057,97.3,6.299999999999997
MEXICO,MEX,2005,92.0,98.0,98.0,NORTH AMERICA,0.0,98.0,6.0
MEXICO,MEX,2006,92.0,98.1,97.7,NORTH AMERICA,0.3999999999999915,97.9,5.900000000000006
MEXICO,MEX,2007,93.0,98.0,98.0,NORTH AMERICA,0.0,98.0,5.0
MEXICO,MEX,2008,93.0,98.2,98.3,NORTH AMERICA,0.09999999999999432,98.25,5.25
MEXICO,MEX,2009,93.0,99.0,98.0,NORTH AMERICA,1.0,98.5,5.5
MEXICO,MEX,2010,93.0,98.2,98.6,NORTH AMERICA,0.3999999999999915,98.4,5.400000000000006
MEXICO,MEX,2011,94.0,98.0,99.0,NORTH AMERICA,1.0,98.5,4.5
MEXICO,MEX,2012,94.0,98.6,98.9,NORTH AMERICA,0.30000000000001137,98.75,4.75
MEXICO,MEX,2013,94.0,99.0,99.0,NORTH AMERICA,0.0,99.0,5.0
MEXICO,MEX,2014,95.0,98.4,98.9,NORTH AMERICA,0.5,98.65,3.6500000000000057
MEXICO,MEX,2015,94.0,99.0,99.0,NORTH AMERICA,0.0,99.0,5.0
MEXICO,MEX,2016,95.0,98.5,98.7,NORTH AMERICA,0.20000000000000284,98.6,3.5999999999999943
MEXICO,MEX,2017,95.0,99.0,99.0,NORTH AMERICA,0.0,99.0,4.0
MEXICO,MEX,2018,95.0,98.4,98.8,NORTH AMERICA,0.3999999999999915,98.6,3.5999999999999943
MEXICO,MEX,2020,95.0,98.8,99.1,NORTH AMERICA,0.29999999999999716,98.94999999999999,3.9499999999999886
MEXICO,MEX,2022,95.0,98.7,99.2,NORTH AMERICA,0.5,98.95,3.950000000000003
MOLDOVA,MDA,2000,97.0,99.0,100.0,EUROPE,1.0,99.5,2.5
MOLDOVA,MDA,2005,97.0,99.87,99.95,EUROPE,0.0799999999999983,99.91,2.9099999999999966
MOLDOVA,MDA,2012,97.0,100.0,99.84,EUROPE,0.1599999999999966,99.92,2.9200000000000017
MOLDOVA,MDA,2014,99.0,100.0,100.0,EUROPE,0.0,100.0,1.0
MONGOLIA,MNG,2000,98.0,97.0,98.0,ASIA,1.0,97.5,-0.5
MONGOLIA,MNG,2010,98.0,98.0,99.0,ASIA,1.0,98.5,0.5
MONGOLIA,MNG,2018,96.89635,99.6363,99.42351,ASIA,0.21279000000001247,99.529905,2.633555000000001
MONGOLIA,MNG,2020,99.0,99.0,99.0,ASIA,0.0,99.0,0.0
MONGOLIA,MNG,2022,98.72622,99.61688,99.77098,ASIA,0.15409999999999968,99.69393,0.9677099999999967
MONTENEGRO,MNE,1991,93.0,99.0,99.0,EUROPE,0.0,99.0,6.0
MONTENEGRO,MNE,2003,98.0,99.0,99.0,EUROPE,0.0,99.0,1.0
MONTENEGRO,MNE,2005,98.0,99.0,99.21,EUROPE,0.20999999999999375,99.10499999999999,1.1049999999999898
MONTENEGRO,MNE,2011,98.0,99.0,99.0,EUROPE,0.0,99.0,1.0
MONTENEGRO,MNE,2013,98.0,99.0,99.76,EUROPE,0.7600000000000051,99.38,1.3799999999999955
MONTENEGRO,MNE,2018,98.5344,96.23099,98.95459,EUROPE,2.7235999999999905,97.59279000000001,-0.9416099999999972
MOROCCO,MAR,1994,42.0,71.0,46.0,AFRICA,25.0,58.5,16.5
MOROCCO,MAR,2004,52.0,81.0,60.0,AFRICA,21.0,70.5,18.5
MOROCCO,MAR,2008,55.0,86.0,70.0,AFRICA,16.0,78.0,23.0
MOROCCO,MAR,2009,56.0,87.0,72.0,AFRICA,15.0,79.5,23.5
MOROCCO,MAR,2011,67.0,89.0,74.0,AFRICA,15.0,81.5,14.5
MOROCCO,MAR,2012,69.0,94.0,88.0,AFRICA,6.0,91.0,22.0
MOROCCO,MAR,2014,76.0,94.0,88.0,AFRICA,6.0,91.0,15.0
MOZAMBIQUE,MOZ,1997,39.0,59.0,37.0,AFRICA,22.0,48.0,9.0
MOZAMBIQUE,MOZ,2003,48.0,74.0,50.0,AFRICA,24.0,62.0,14.0
MOZAMBIQUE,MOZ,2008,48.0,74.0,39.45,AFRICA,34.55,56.725,8.725000000000001
MOZAMBIQUE,MOZ,2009,51.0,80.0,57.0,AFRICA,23.0,68.5,17.5
MOZAMBIQUE,MOZ,2015,56.0,79.0,63.0,AFRICA,16.0,71.0,15.0
MOZAMBIQUE,MOZ,2017,61.0,77.0,65.0,AFRICA,12.0,71.0,10.0
MOZAMBIQUE,MOZ,2020,60.0,76.0,65.0,AFRICA,11.0,70.5,10.5
MYANMAR,MMR,2000,90.0,96.0,93.0,ASIA,3.0,94.5,4.5
MYANMAR,MMR,2014,90.0,94.0,94.0,ASIA,0.0,94.0,4.0
MYANMAR,MMR,2016,90.0,91.15811,89.64611,ASIA,1.5120000000000005,90.40211,0.4021099999999933
MYANMAR,MMR,2019,89.0,95.0,96.0,ASIA,1.0,95.5,6.5
NAMIBIA,NAM,1991,76.0,86.0,90.0,AFRICA,4.0,88.0,12.0
NAMIBIA,NAM,2000,76.0,88.26,90.65,AFRICA,2.3900000000000006,89.45500000000001,13.455000000000013
NAMIBIA,NAM,2001,85.0,91.0,94.0,AFRICA,3.0,92.5,7.5
NAMIBIA,NAM,2007,85.0,88.77,93.54,AFRICA,4.77000000000001,91.155,6.155000000000001
NAMIBIA,NAM,2011,88.0,93.0,95.0,AFRICA,2.0,94.0,6.0
NAMIBIA,NAM,2013,88.0,92.08,96.09,AFRICA,4.010000000000005,94.08500000000001,6.085000000000008
NEPAL,NPL,1991,33.0,68.0,33.0,ASIA,35.0,50.5,17.5
NEPAL,NPL,2001,49.0,81.0,60.0,ASIA,21.0,70.5,21.5
NEPAL,NPL,2006,49.0,94.24,75.51,ASIA,18.72999999999999,84.875,35.875
NEPAL,NPL,2011,60.0,90.0,80.0,ASIA,10.0,85.0,25.0
NEPAL,NPL,2016,65.50101,94.43616,84.58498,ASIA,9.85118,89.51057,24.009560000000008
NEPAL,NPL,2019,68.7125,96.80686,92.07302,ASIA,4.733840000000001,94.43994,25.72744
NEPAL,NPL,2022,68.7125,97.16,89.2,ASIA,7.959999999999994,93.18,24.4675
NEW CALEDONIA,NCL,1996,96.0,99.0,99.0,OCEANIA,0.0,99.0,3.0
NICARAGUA,NIC,2001,77.0,85.3,89.4,NORTH AMERICA,4.1000000000000085,87.35,10.349999999999994
NICARAGUA,NIC,2005,78.0,89.4,92.7,NORTH AMERICA,3.299999999999997,91.05000000000001,13.050000000000011
NICARAGUA,NIC,2009,78.0,92.6,94.8,NORTH AMERICA,2.200000000000003,93.69999999999999,15.699999999999989
NICARAGUA,NIC,2014,78.0,94.1,96.6,NORTH AMERICA,2.5,95.35,17.349999999999994
NIGER,NER,2001,14.0,26.0,14.0,AFRICA,12.0,20.0,6.0
NIGER,NER,2005,29.0,52.0,23.0,AFRICA,29.0,37.5,8.5
NIGER,NER,2006,29.0,33.02,11.17,AFRICA,21.85,22.095000000000002,-6.904999999999998
NIGER,NER,2012,31.0,49.0,32.0,AFRICA,17.0,40.5,9.5
NIGER,NER,2018,33.04745,56.88975,36.36699,AFRICA,20.522759999999998,46.628370000000004,13.580920000000006
NIGER,NER,2022,35.60971,63.96316,44.7403,AFRICA,19.222860000000004,54.35173,18.742020000000004
NIGERIA,NGA,1991,55.0,81.0,62.0,AFRICA,19.0,71.5,16.5
NIGERIA,NGA,2003,55.0,78.0,61.0,AFRICA,17.0,69.5,14.5
NIGERIA,NGA,2006,70.0,83.0,75.0,AFRICA,8.0,79.0,9.0
NIGERIA,NGA,2007,70.0,83.0,70.18,AFRICA,12.819999999999993,76.59,6.590000000000003
NIGERIA,NGA,2008,70.0,78.5,51.6,AFRICA,26.9,65.05,-4.950000000000003
NIGERIA,NGA,2011,70.0,78.5,79.84,AFRICA,1.3400000000000034,79.17,9.170000000000002
NIGERIA,NGA,2013,70.0,86.17,70.75,AFRICA,15.420000000000002,78.46000000000001,8.460000000000008
NIGERIA,NGA,2016,58.22134,78.43424,67.12351,AFRICA,11.310730000000007,72.778875,14.557535000000001
NIGERIA,NGA,2018,58.22134,71.80612,60.39587,AFRICA,11.410250000000005,66.10099500000001,7.879655000000014
NIGERIA,NGA,2021,63.15554,77.77638,69.04957,AFRICA,8.72681,73.412975,10.257435000000001
NORTH KOREA,PRK,2008,100.0,100.0,100.0,ASIA,0.0,100.0,0.0
NORTH MACEDONIA,MKD,1994,94.0,99.0,99.0,EUROPE,0.0,99.0,5.0
NORTH MACEDONIA,MKD,2002,96.0,99.0,98.0,EUROPE,1.0,98.5,2.5
NORTH MACEDONIA,MKD,2005,96.0,99.0,98.69,EUROPE,0.3100000000000023,98.845,2.844999999999999
NORTH MACEDONIA,MKD,2011,96.0,99.0,99.36,EUROPE,0.35999999999999943,99.18,3.180000000000007
NORTH MACEDONIA,MKD,2018,96.0,99.0,98.74764,EUROPE,0.2523599999999959,98.87382,2.873819999999995
OMAN,OMN,2003,66.0,66.0,85.0,ASIA,19.0,75.5,9.5
OMAN,OMN,2008,87.0,98.0,98.0,ASIA,0.0,98.0,11.0
OMAN,OMN,2010,87.0,97.0,98.0,ASIA,1.0,97.5,10.5
OMAN,OMN,2015,93.0,99.0,99.0,ASIA,0.0,99.0,6.0
OMAN,OMN,2017,96.0,98.0,99.0,ASIA,1.0,98.5,2.5
OMAN,OMN,2018,96.0,98.0,99.0,ASIA,1.0,98.5,2.5
OMAN,OMN,2020,97.0,100.0,100.0,ASIA,0.0,100.0,3.0
OMAN,OMN,2022,97.0,100.0,100.0,ASIA,0.0,100.0,3.0
PAKISTAN,PAK,1998,43.0,67.0,43.0,ASIA,24.0,55.0,12.0
PAKISTAN,PAK,2005,50.0,77.0,53.0,ASIA,24.0,65.0,15.0
PAKISTAN,PAK,2006,54.0,79.0,58.0,ASIA,21.0,68.5,14.5
PAKISTAN,PAK,2007,52.0,75.0,57.0,ASIA,18.0,66.0,14.0
PAKISTAN,PAK,2008,56.0,79.0,61.0,ASIA,18.0,70.0,14.0
PAKISTAN,PAK,2009,55.0,79.0,61.0,ASIA,18.0,70.0,15.0
PAKISTAN,PAK,2010,55.0,80.0,62.0,ASIA,18.0,71.0,16.0
PAKISTAN,PAK,2011,55.0,78.0,63.0,ASIA,15.0,70.5,15.5
PAKISTAN,PAK,2012,57.0,80.0,64.0,ASIA,16.0,72.0,15.0
PAKISTAN,PAK,2013,56.0,79.0,63.0,ASIA,16.0,71.0,15.0
PAKISTAN,PAK,2014,57.0,80.0,66.0,ASIA,14.0,73.0,16.0
PAKISTAN,PAK,2017,59.0,81.0,68.0,ASIA,13.0,74.5,15.5
PAKISTAN,PAK,2018,57.0,80.0,64.0,ASIA,16.0,72.0,15.0
PAKISTAN,PAK,2019,58.0,80.0,65.0,ASIA,15.0,72.5,14.5
PAKISTAN,PAK,2021,58.8561,79.45763,66.52292,ASIA,12.934709999999995,72.990275,14.134174999999999
PALAU,PLW,2013,100.0,100.0,100.0,OCEANIA,0.0,100.0,0.0
PALAU,PLW,2015,97.0,98.0,99.0,OCEANIA,1.0,98.5,1.5
PALESTINE,PSE,1997,86.0,97.0,97.0,ASIA,0.0,97.0,11.0
PALESTINE,PSE,2004,92.0,99.0,99.0,ASIA,0.0,99.0,7.0
PALESTINE,PSE,2006,93.0,99.0,99.0,ASIA,0.0,99.0,6.0
PALESTINE,PSE,2007,94.0,99.0,99.0,ASIA,0.0,99.0,5.0
PALESTINE,PSE,2008,94.0,99.0,99.0,ASIA,0.0,99.0,5.0
PALESTINE,PSE,2009,94.0,99.0,99.0,ASIA,0.0,99.0,5.0
PALESTINE,PSE,2010,95.0,99.0,99.0,ASIA,0.0,99.0,4.0
PALESTINE,PSE,2011,95.0,99.0,99.0,ASIA,0.0,99.0,4.0
PALESTINE,PSE,2012,96.0,99.0,99.0,ASIA,0.0,99.0,3.0
PALESTINE,PSE,2013,96.0,99.0,99.0,ASIA,0.0,99.0,3.0
PALESTINE,PSE,2014,96.0,99.0,99.0,ASIA,0.0,99.0,3.0
PALESTINE,PSE,2015,96.0,99.0,99.0,ASIA,0.0,99.0,3.0
PALESTINE,PSE,2016,97.0,99.0,99.0,ASIA,0.0,99.0,2.0
PALESTINE,PSE,2017,97.0,99.0,99.0,ASIA,0.0,99.0,2.0
PALESTINE,PSE,2018,97.0,99.0,99.0,ASIA,0.0,99.0,2.0
PALESTINE,PSE,2019,97.0,99.0,99.0,ASIA,0.0,99.0,2.0
PALESTINE,PSE,2020,98.0,99.0,99.0,ASIA,0.0,99.0,1.0
PALESTINE,PSE,2022,98.0,99.0,99.0,ASIA,0.0,99.0,1.0
PANAMA,PAN,1990,89.0,95.0,95.0,NORTH AMERICA,0.0,95.0,6.0
PANAMA,PAN,2000,92.0,97.0,96.0,NORTH AMERICA,1.0,96.5,4.5
PANAMA,PAN,2010,94.0,98.0,97.0,NORTH AMERICA,1.0,97.5,3.5
PANAMA,PAN,2014,94.0,98.4,97.6,NORTH AMERICA,0.8000000000000114,98.0,4.0
PANAMA,PAN,2015,94.0,98.4,98.1,NORTH AMERICA,0.30000000000001137,98.25,4.25
PANAMA,PAN,2016,94.0,99.1,98.4,NORTH AMERICA,0.6999999999999886,98.75,4.75
PANAMA,PAN,2017,94.0,99.3,98.8,NORTH AMERICA,0.5,99.05,5.049999999999997
PANAMA,PAN,2018,95.0,99.3,98.9,NORTH AMERICA,0.3999999999999915,99.1,4.099999999999994
PANAMA,PAN,2019,96.0,98.9,98.9,NORTH AMERICA,0.0,98.9,2.9000000000000057
PANAMA,PAN,2021,96.0,99.3,99.2,NORTH AMERICA,0.09999999999999432,99.25,3.25
PANAMA,PAN,2022,96.0,99.4,99.3,NORTH AMERICA,0.10000000000000853,99.35,3.3499999999999943
PANAMA,PAN,2023,96.0,98.8,98.9,NORTH AMERICA,0.10000000000000853,98.85,2.8499999999999943
PAPUA NEW GUINEA,PNG,2000,57.0,69.0,64.0,OCEANIA,5.0,66.5,9.5
PAPUA NEW GUINEA,PNG,2017,70.06368,87.25939,78.08662,OCEANIA,9.17277,82.67300499999999,12.609324999999984
PARAGUAY,PRY,1992,90.0,96.0,95.0,SOUTH AMERICA,1.0,95.5,5.5
PARAGUAY,PRY,2001,90.0,95.7,95.6,SOUTH AMERICA,0.10000000000000853,95.65,5.650000000000006
PARAGUAY,PRY,2002,90.0,97.6,97.3,SOUTH AMERICA,0.29999999999999716,97.44999999999999,7.449999999999989
PARAGUAY,PRY,2003,90.0,97.3,97.5,SOUTH AMERICA,0.20000000000000284,97.4,7.400000000000006
PARAGUAY,PRY,2004,90.0,97.3,97.2,SOUTH AMERICA,0.09999999999999432,97.25,7.25
PARAGUAY,PRY,2005,90.0,97.6,98.1,SOUTH AMERICA,0.5,97.85,7.849999999999994
PARAGUAY,PRY,2006,90.0,98.4,97.9,SOUTH AMERICA,0.5,98.15,8.150000000000006
PARAGUAY,PRY,2007,95.0,98.6,98.8,SOUTH AMERICA,0.20000000000000284,98.69999999999999,3.6999999999999886
PARAGUAY,PRY,2008,93.0,97.6,98.2,SOUTH AMERICA,0.6000000000000085,97.9,4.900000000000006
PARAGUAY,PRY,2009,94.0,98.0,99.0,SOUTH AMERICA,1.0,98.5,4.5
PARAGUAY,PRY,2010,94.0,98.5,98.6,SOUTH AMERICA,0.09999999999999432,98.55,4.549999999999997
PARAGUAY,PRY,2011,94.0,98.3,98.7,SOUTH AMERICA,0.4000000000000057,98.5,4.5
PARAGUAY,PRY,2012,94.0,98.3,98.1,SOUTH AMERICA,0.20000000000000284,98.19999999999999,4.199999999999989
PARAGUAY,PRY,2013,95.0,98.6,99.2,SOUTH AMERICA,0.6000000000000085,98.9,3.9000000000000057
PARAGUAY,PRY,2014,95.0,99.0,98.5,SOUTH AMERICA,0.5,98.75,3.75
PARAGUAY,PRY,2015,96.0,98.4,99.0,SOUTH AMERICA,0.5999999999999943,98.7,2.700000000000003
PARAGUAY,PRY,2016,95.0,98.2,98.7,SOUTH AMERICA,0.5,98.45,3.450000000000003
PARAGUAY,PRY,2017,95.0,97.7,98.9,SOUTH AMERICA,1.2000000000000028,98.30000000000001,3.3000000000000114
PARAGUAY,PRY,2018,94.0,97.7,98.9,SOUTH AMERICA,1.2000000000000028,98.30000000000001,4.300000000000011
PARAGUAY,PRY,2019,93.0,98.0,98.7,SOUTH AMERICA,0.7000000000000028,98.35,5.349999999999994
PARAGUAY,PRY,2020,95.0,98.6,98.7,SOUTH AMERICA,0.10000000000000853,98.65,3.6500000000000057
PARAGUAY,PRY,2021,95.0,98.1,99.2,SOUTH AMERICA,1.1000000000000085,98.65,3.6500000000000057
PARAGUAY,PRY,2022,95.0,98.5,98.8,SOUTH AMERICA,0.29999999999999716,98.65,3.6500000000000057
PARAGUAY,PRY,2023,95.0,98.8,99.0,SOUTH AMERICA,0.20000000000000284,98.9,3.9000000000000057
PERU,PER,1993,87.0,97.0,94.0,SOUTH AMERICA,3.0,95.5,8.5
PERU,PER,2000,87.0,99.1,96.1,SOUTH AMERICA,3.0,97.6,10.599999999999994
PERU,PER,2001,87.0,98.2,96.1,SOUTH AMERICA,2.1000000000000085,97.15,10.150000000000006
PERU,PER,2002,87.0,97.6,95.9,SOUTH AMERICA,1.6999999999999886,96.75,9.75
PERU,PER,2003,87.0,97.6,96.0,SOUTH AMERICA,1.5999999999999943,96.8,9.799999999999997
PERU,PER,2004,88.0,98.4,96.3,SOUTH AMERICA,2.1000000000000085,97.35,9.349999999999994
PERU,PER,2005,88.0,98.1,96.8,SOUTH AMERICA,1.2999999999999972,97.44999999999999,9.449999999999989
PERU,PER,2006,89.0,98.6,97.3,SOUTH AMERICA,1.2999999999999972,97.94999999999999,8.949999999999989
PERU,PER,2007,90.0,98.1,97.0,SOUTH AMERICA,1.0999999999999943,97.55,7.549999999999997
PERU,PER,2008,90.0,98.2,97.5,SOUTH AMERICA,0.7000000000000028,97.85,7.849999999999994
PERU,PER,2009,90.0,98.7,97.9,SOUTH AMERICA,0.7999999999999972,98.30000000000001,8.300000000000011
PERU,PER,2010,90.0,98.6,98.0,SOUTH AMERICA,0.5999999999999943,98.3,8.299999999999997
PERU,PER,2011,90.0,98.6,98.3,SOUTH AMERICA,0.29999999999999716,98.44999999999999,8.449999999999989
PERU,PER,2012,94.0,98.7,98.7,SOUTH AMERICA,0.0,98.7,4.700000000000003
PERU,PER,2013,94.0,98.9,98.9,SOUTH AMERICA,0.0,98.9,4.900000000000006
PERU,PER,2014,94.0,99.2,98.8,SOUTH AMERICA,0.4000000000000057,99.0,5.0
PERU,PER,2015,94.0,99.3,98.8,SOUTH AMERICA,0.5,99.05,5.049999999999997
PERU,PER,2016,94.0,99.1,98.8,SOUTH AMERICA,0.29999999999999716,98.94999999999999,4.949999999999989
PERU,PER,2017,94.0,99.3,98.9,SOUTH AMERICA,0.3999999999999915,99.1,5.099999999999994
PERU,PER,2018,94.0,99.1,99.0,SOUTH AMERICA,0.09999999999999432,99.05,5.049999999999997
PERU,PER,2019,94.0,99.1,99.1,SOUTH AMERICA,0.0,99.1,5.099999999999994
PERU,PER,2020,94.0,99.6,99.4,SOUTH AMERICA,0.19999999999998863,99.5,5.5
PERU,PER,2021,94.0,99.1,99.2,SOUTH AMERICA,0.10000000000000853,99.15,5.150000000000006
PERU,PER,2022,94.0,99.3,99.3,SOUTH AMERICA,0.0,99.3,5.299999999999997
PERU,PER,2023,94.0,99.3,99.4,SOUTH AMERICA,0.10000000000000853,99.35,5.349999999999994
PHILIPPINES,PHL,1990,94.0,96.0,97.0,ASIA,1.0,96.5,2.5
PHILIPPINES,PHL,1994,94.0,96.0,96.0,ASIA,0.0,96.0,2.0
PHILIPPINES,PHL,2000,93.0,94.0,96.0,ASIA,2.0,95.0,2.0
PHILIPPINES,PHL,2003,93.0,94.0,97.0,ASIA,3.0,95.5,2.5
PHILIPPINES,PHL,2008,95.0,97.0,98.0,ASIA,1.0,97.5,2.5
PHILIPPINES,PHL,2013,96.0,97.0,99.0,ASIA,2.0,98.0,2.0
PHILIPPINES,PHL,2015,98.0,99.0,99.0,ASIA,0.0,99.0,1.0
PHILIPPINES,PHL,2017,98.0,100.0,100.0,ASIA,0.0,100.0,2.0
PHILIPPINES,PHL,2019,96.0,98.0,99.0,ASIA,1.0,98.5,2.5
PHILIPPINES,PHL,2020,98.0,99.0,99.0,ASIA,0.0,99.0,1.0
PHILIPPINES,PHL,2022,98.0,100.0,99.51506,ASIA,0.4849399999999946,99.75753,1.7575300000000027
PORTUGAL,PRT,1991,88.0,99.0,99.0,EUROPE,0.0,99.0,11.0
PORTUGAL,PRT,2011,94.0,99.0,99.0,EUROPE,0.0,99.0,5.0
PUERTO RICO,PRI,1990,90.0,92.0,94.0,NORTH AMERICA,2.0,93.0,3.0
PUERTO RICO,PRI,2010,92.0,99.0,99.0,NORTH AMERICA,0.0,99.0,7.0
PUERTO RICO,PRI,2017,92.0,92.0,92.0,NORTH AMERICA,0.0,92.0,0.0
QATAR,QAT,1997,83.0,94.0,96.0,ASIA,2.0,95.0,12.0
QATAR,QAT,2004,89.0,95.0,98.0,ASIA,3.0,96.5,7.5
QATAR,QAT,2007,93.0,99.0,99.0,ASIA,0.0,99.0,6.0
QATAR,QAT,2008,94.0,95.0,97.0,ASIA,2.0,96.0,2.0
QATAR,QAT,2009,95.0,98.0,98.0,ASIA,0.0,98.0,3.0
QATAR,QAT,2010,96.0,96.0,98.0,ASIA,2.0,97.0,1.0
QATAR,QAT,2011,96.0,98.0,99.0,ASIA,1.0,98.5,2.5
QATAR,QAT,2012,97.0,99.0,100.0,ASIA,1.0,99.5,2.5
QATAR,QAT,2013,97.0,99.0,99.0,ASIA,0.0,99.0,2.0
QATAR,QAT,2014,98.0,98.0,100.0,ASIA,2.0,99.0,1.0
ROMANIA,ROU,1992,97.0,99.0,99.0,EUROPE,0.0,99.0,2.0
ROMANIA,ROU,2002,97.0,98.0,98.0,EUROPE,0.0,98.0,1.0
ROMANIA,ROU,2011,99.0,99.0,99.0,EUROPE,0.0,99.0,0.0
ROMANIA,ROU,2021,99.0,100.0,100.0,EUROPE,0.0,100.0,1.0
RUSSIA,RUS,2002,99.0,100.0,100.0,EUROPE,0.0,100.0,1.0
RUSSIA,RUS,2010,100.0,100.0,100.0,EUROPE,0.0,100.0,0.0
RUSSIA,RUS,2021,100.0,100.0,100.0,EUROPE,0.0,100.0,0.0
RWANDA,RWA,1991,58.0,60.0,45.0,AFRICA,15.0,52.5,-5.5
RWANDA,RWA,2000,65.0,79.0,77.0,AFRICA,2.0,78.0,13.0
RWANDA,RWA,2005,65.0,72.72,68.21,AFRICA,4.510000000000005,70.465,5.465000000000003
RWANDA,RWA,2010,65.0,80.31,80.06,AFRICA,0.25,80.185,15.185000000000002
RWANDA,RWA,2012,68.0,81.0,83.0,AFRICA,2.0,82.0,14.0
RWANDA,RWA,2014,71.0,84.0,86.0,AFRICA,2.0,85.0,14.0
RWANDA,RWA,2015,71.0,87.92002,89.17011,AFRICA,1.2500900000000001,88.545065,17.545064999999994
RWANDA,RWA,2018,73.0,84.0,89.0,AFRICA,5.0,86.5,13.5
RWANDA,RWA,2020,80.05086,90.36046,92.69652,AFRICA,2.3360600000000034,91.52849,11.477630000000005
RWANDA,RWA,2022,79.0,88.0,92.0,AFRICA,4.0,90.0,11.0
SAINT HELENA,SHN,1998,97.0,99.0,100.0,AFRICA,1.0,99.5,2.5
SAINT LUCIA,LCA,2012,89.0,100.0,99.96,NORTH AMERICA,0.04000000000000625,99.97999999999999,10.97999999999999
SAMOA,WSM,1991,98.0,99.0,99.0,OCEANIA,0.0,99.0,1.0
SAMOA,WSM,2011,99.0,99.0,99.0,OCEANIA,0.0,99.0,0.0
SAMOA,WSM,2016,99.0,100.0,100.0,OCEANIA,0.0,100.0,1.0
SAMOA,WSM,2019,97.99026,98.54096,99.55731,OCEANIA,1.0163500000000028,99.049135,1.0588750000000005
SAN MARINO,SMR,2022,100.0,100.0,100.0,EUROPE,0.0,100.0,0.0
SAO TOME AND PRINCIPE,STP,1991,73.0,96.0,92.0,AFRICA,4.0,94.0,21.0
SAO TOME AND PRINCIPE,STP,2001,85.0,96.0,95.0,AFRICA,1.0,95.5,10.5
SAO TOME AND PRINCIPE,STP,2012,90.0,97.0,96.0,AFRICA,1.0,96.5,6.5
SAO TOME AND PRINCIPE,STP,2014,90.0,97.0,100.0,AFRICA,3.0,98.5,8.5
SAO TOME AND PRINCIPE,STP,2019,87.43846,95.85022,95.07206,AFRICA,0.7781599999999997,95.46114,8.022679999999994
SAUDI ARABIA,SAU,1992,71.0,94.0,81.0,ASIA,13.0,87.5,16.5
SAUDI ARABIA,SAU,2000,79.0,98.0,94.0,ASIA,4.0,96.0,17.0
SAUDI ARABIA,SAU,2004,83.0,97.0,95.0,ASIA,2.0,96.0,13.0
SAUDI ARABIA,SAU,2013,94.0,99.0,99.0,ASIA,0.0,99.0,5.0
SAUDI ARABIA,SAU,2017,95.0,99.0,99.0,ASIA,0.0,99.0,4.0
SAUDI ARABIA,SAU,2020,98.0,100.0,99.0,ASIA,1.0,99.5,1.5
SENEGAL,SEN,2002,39.0,58.0,41.0,AFRICA,17.0,49.5,10.5
SENEGAL,SEN,2005,39.0,57.43,34.01,AFRICA,23.42,45.72,6.719999999999999
SENEGAL,SEN,2006,42.0,58.0,45.0,AFRICA,13.0,51.5,9.5
SENEGAL,SEN,2009,48.0,72.0,55.0,AFRICA,17.0,63.5,15.5
SENEGAL,SEN,2011,52.0,74.0,59.0,AFRICA,15.0,66.5,14.5
SENEGAL,SEN,2013,44.0,63.0,51.0,AFRICA,12.0,57.0,13.0
SENEGAL,SEN,2014,44.0,63.45,51.06,AFRICA,12.39,57.255,13.255000000000003
SENEGAL,SEN,2015,43.59273,65.78748,56.87536,AFRICA,8.912120000000002,61.33142,17.73869
SENEGAL,SEN,2016,46.09964,69.407,59.88586,AFRICA,9.521139999999995,64.64643,18.546789999999994
SENEGAL,SEN,2017,52.0,76.0,64.0,AFRICA,12.0,70.0,18.0
SENEGAL,SEN,2018,46.60591,66.22319,65.68582,AFRICA,0.5373699999999957,65.95450500000001,19.34859500000001
SENEGAL,SEN,2019,46.83367,68.82227,64.02553,AFRICA,4.79674,66.4239,19.590230000000005
SENEGAL,SEN,2023,50.35582,69.2685,65.59709,AFRICA,3.6714100000000087,67.432795,17.076974999999997
SERBIA,SRB,2003,96.0,99.0,99.0,EUROPE,0.0,99.0,3.0
SERBIA,SRB,2005,96.0,99.0,99.63,EUROPE,0.6299999999999955,99.315,3.3149999999999977
SERBIA,SRB,2011,98.0,99.0,99.0,EUROPE,0.0,99.0,1.0
SERBIA,SRB,2014,98.0,99.0,99.83,EUROPE,0.8299999999999983,99.41499999999999,1.414999999999992
SERBIA,SRB,2016,99.0,100.0,100.0,EUROPE,0.0,100.0,1.0
SERBIA,SRB,2019,99.0,100.0,100.0,EUROPE,0.0,100.0,1.0
SEYCHELLES,SYC,1994,88.0,98.0,99.0,AFRICA,1.0,98.5,10.5
SEYCHELLES,SYC,2002,92.0,99.0,99.0,AFRICA,0.0,99.0,7.0
SEYCHELLES,SYC,2010,94.0,99.0,99.0,AFRICA,0.0,99.0,5.0
SIERRA LEONE,SLE,2004,35.0,60.0,37.0,AFRICA,23.0,48.5,13.5
SIERRA LEONE,SLE,2005,35.0,60.0,37.15,AFRICA,22.85,48.575,13.575000000000003
SIERRA LEONE,SLE,2008,35.0,73.58,41.3,AFRICA,32.28,57.44,22.439999999999998
SIERRA LEONE,SLE,2010,35.0,73.58,49.46,AFRICA,24.119999999999997,61.519999999999996,26.519999999999996
SIERRA LEONE,SLE,2013,35.0,79.69,57.34,AFRICA,22.349999999999994,68.515,33.515
SIERRA LEONE,SLE,2017,44.83318,78.74271,68.66314,AFRICA,10.079570000000004,73.702925,28.869744999999995
SIERRA LEONE,SLE,2019,43.57778,78.1976,67.86192,AFRICA,10.335679999999996,73.02976,29.45198
SINGAPORE,SGP,1990,89.0,99.0,99.0,ASIA,0.0,99.0,10.0
SINGAPORE,SGP,2000,93.0,99.0,100.0,ASIA,1.0,99.5,6.5
SINGAPORE,SGP,2010,96.0,100.0,100.0,ASIA,0.0,100.0,4.0
SINGAPORE,SGP,2011,96.0,100.0,100.0,ASIA,0.0,100.0,4.0
SINGAPORE,SGP,2012,96.0,100.0,100.0,ASIA,0.0,100.0,4.0
SINGAPORE,SGP,2013,97.0,100.0,100.0,ASIA,0.0,100.0,3.0
SINGAPORE,SGP,2014,97.0,100.0,100.0,ASIA,0.0,100.0,3.0
SINGAPORE,SGP,2015,97.0,100.0,100.0,ASIA,0.0,100.0,3.0
SINGAPORE,SGP,2016,97.0,100.0,100.0,ASIA,0.0,100.0,3.0
SINGAPORE,SGP,2017,97.0,100.0,100.0,ASIA,0.0,100.0,3.0
SINGAPORE,SGP,2018,97.0,100.0,100.0,ASIA,0.0,100.0,3.0
SINGAPORE,SGP,2019,97.0,100.0,100.0,ASIA,0.0,100.0,3.0
SINGAPORE,SGP,2020,97.0,100.0,100.0,ASIA,0.0,100.0,3.0
SINGAPORE,SGP,2021,98.0,100.0,100.0,ASIA,0.0,100.0,2.0
SLOVENIA,SVN,1991,100.0,100.0,100.0,EUROPE,0.0,100.0,0.0
SOMALIA,SOM,2006,54.0,76.0,23.79,AFRICA,52.21,49.894999999999996,-4.105000000000004
SOMALIA,SOM,2022,54.0,76.0,65.0,AFRICA,11.0,70.5,16.5
SOUTH AFRICA,ZAF,1996,82.0,93.0,94.0,AFRICA,1.0,93.5,11.5
SOUTH AFRICA,ZAF,2007,89.0,97.0,98.0,AFRICA,1.0,97.5,8.5
SOUTH AFRICA,ZAF,2009,93.0,98.0,99.0,AFRICA,1.0,98.5,5.5
SOUTH AFRICA,ZAF,2010,93.0,98.0,99.0,AFRICA,1.0,98.5,5.5
SOUTH AFRICA,ZAF,2011,93.0,98.0,99.0,AFRICA,1.0,98.5,5.5
SOUTH AFRICA,ZAF,2012,94.0,98.0,99.0,AFRICA,1.0,98.5,4.5
SOUTH AFRICA,ZAF,2014,94.0,99.0,99.0,AFRICA,0.0,99.0,5.0
SOUTH AFRICA,ZAF,2015,94.0,99.0,99.0,AFRICA,0.0,99.0,5.0
SOUTH AFRICA,ZAF,2016,91.73724,95.83106,97.71958,AFRICA,1.8885199999999998,96.77532,5.038079999999994
SOUTH AFRICA,ZAF,2017,87.0,94.0,97.0,AFRICA,3.0,95.5,8.5
SOUTH AFRICA,ZAF,2019,95.0,98.0,99.0,AFRICA,1.0,98.5,3.5
SOUTH AFRICA,ZAF,2021,90.0,96.0,97.0,AFRICA,1.0,96.5,6.5
SOUTH KOREA,KOR,2008,98.0,100.0,100.0,ASIA,0.0,100.0,2.0
SOUTH SUDAN,SSD,2008,27.0,44.0,30.0,AFRICA,14.0,37.0,10.0
SOUTH SUDAN,SSD,2010,27.0,44.0,24.87,AFRICA,19.13,34.435,7.435000000000002
SPAIN,ESP,1991,96.0,100.0,100.0,EUROPE,0.0,100.0,4.0
SPAIN,ESP,2004,97.0,100.0,100.0,EUROPE,0.0,100.0,3.0
SPAIN,ESP,2005,98.0,100.0,100.0,EUROPE,0.0,100.0,2.0
SPAIN,ESP,2006,98.0,100.0,99.0,EUROPE,1.0,99.5,1.5
SPAIN,ESP,2007,98.0,100.0,100.0,EUROPE,0.0,100.0,2.0
SPAIN,ESP,2008,98.0,100.0,100.0,EUROPE,0.0,100.0,2.0
SPAIN,ESP,2009,98.0,100.0,100.0,EUROPE,0.0,100.0,2.0
SPAIN,ESP,2010,98.0,100.0,100.0,EUROPE,0.0,100.0,2.0
SPAIN,ESP,2011,98.0,100.0,100.0,EUROPE,0.0,100.0,2.0
SPAIN,ESP,2012,98.0,100.0,100.0,EUROPE,0.0,100.0,2.0
SPAIN,ESP,2013,98.0,100.0,100.0,EUROPE,0.0,100.0,2.0
SPAIN,ESP,2014,98.0,100.0,100.0,EUROPE,0.0,100.0,2.0
SPAIN,ESP,2015,98.0,100.0,100.0,EUROPE,0.0,100.0,2.0
SPAIN,ESP,2016,98.0,100.0,100.0,EUROPE,0.0,100.0,2.0
SPAIN,ESP,2018,98.0,100.0,100.0,EUROPE,0.0,100.0,2.0
SPAIN,ESP,2020,99.0,99.0,100.0,EUROPE,1.0,99.5,0.5
SPAIN,ESP,2021,100.0,100.0,100.0,EUROPE,0.0,100.0,0.0
SRI LANKA,LKA,2001,91.0,95.0,96.0,ASIA,1.0,95.5,4.5
SRI LANKA,LKA,2006,91.0,97.0,98.0,ASIA,1.0,97.5,6.5
SRI LANKA,LKA,2008,91.0,97.0,99.0,ASIA,2.0,98.0,7.0
SRI LANKA,LKA,2010,91.0,98.0,99.0,ASIA,1.0,98.5,7.5
SRI LANKA,LKA,2016,92.0,98.0,99.0,ASIA,1.0,98.5,6.5
SRI LANKA,LKA,2017,92.0,99.0,99.0,ASIA,0.0,99.0,7.0
SRI LANKA,LKA,2018,92.0,99.0,99.0,ASIA,0.0,99.0,7.0
SRI LANKA,LKA,2019,92.0,99.0,99.0,ASIA,0.0,99.0,7.0
SRI LANKA,LKA,2020,92.0,99.0,99.0,ASIA,0.0,99.0,7.0
SRI LANKA,LKA,2021,92.0,99.0,99.0,ASIA,0.0,99.0,7.0
SRI LANKA,LKA,2022,92.0,98.0,99.0,ASIA,1.0,98.5,6.5
SRI LANKA,LKA,2023,93.0,99.0,99.0,ASIA,0.0,99.0,6.0
SUDAN,SDN,2000,61.0,86.0,72.0,AFRICA,14.0,79.0,18.0
SUDAN,SDN,2008,54.0,69.0,63.0,AFRICA,6.0,66.0,12.0
SUDAN,SDN,2010,54.0,69.0,64.81,AFRICA,4.189999999999998,66.905,12.905000000000001
SUDAN,SDN,2014,54.0,69.0,100.0,AFRICA,31.0,84.5,30.5
SURINAME,SUR,2004,90.0,96.0,94.0,SOUTH AMERICA,2.0,95.0,5.0
SURINAME,SUR,2006,90.0,96.0,94.92,SOUTH AMERICA,1.0799999999999983,95.46000000000001,5.460000000000008
SURINAME,SUR,2008,95.0,99.0,99.0,SOUTH AMERICA,0.0,99.0,4.0
SURINAME,SUR,2010,95.0,98.0,99.0,SOUTH AMERICA,1.0,98.5,3.5
SURINAME,SUR,2012,93.0,98.0,97.0,SOUTH AMERICA,1.0,97.5,4.5
SURINAME,SUR,2018,93.0,97.44166,97.9577,SOUTH AMERICA,0.5160400000000038,97.69968,4.699680000000001
SYRIA,SYR,2002,83.0,97.0,93.0,ASIA,4.0,95.0,12.0
SYRIA,SYR,2004,81.0,95.0,90.0,ASIA,5.0,92.5,11.5
SYRIA,SYR,2006,81.0,95.0,89.05,ASIA,5.950000000000003,92.025,11.025000000000006
SYRIA,SYR,2021,94.0,98.0,98.0,ASIA,0.0,98.0,4.0
TAJIKISTAN,TJK,2000,99.0,100.0,100.0,ASIA,0.0,100.0,1.0
TAJIKISTAN,TJK,2012,99.0,100.0,100.0,ASIA,0.0,100.0,1.0
TAJIKISTAN,TJK,2017,99.0,100.0,96.42241,ASIA,3.5775900000000007,98.211205,-0.7887949999999933
TANZANIA,TZA,2002,69.0,81.0,76.0,AFRICA,5.0,78.5,9.5
TANZANIA,TZA,2012,78.0,87.0,85.0,AFRICA,2.0,86.0,8.0
TANZANIA,TZA,2015,78.0,87.0,85.0,AFRICA,2.0,86.0,8.0
TANZANIA,TZA,2022,78.0,88.81121,85.12921,AFRICA,3.682000000000002,86.97021000000001,8.970210000000009
THAILAND,THA,2000,93.0,98.0,98.0,ASIA,0.0,98.0,5.0
THAILAND,THA,2005,94.0,98.0,98.0,ASIA,0.0,98.0,4.0
THAILAND,THA,2010,96.0,97.0,97.0,ASIA,0.0,97.0,1.0
THAILAND,THA,2013,94.0,98.0,99.0,ASIA,1.0,98.5,4.5
THAILAND,THA,2015,93.0,98.0,98.0,ASIA,0.0,98.0,5.0
THAILAND,THA,2016,91.9814,97.36126,97.63726,ASIA,0.27599999999999625,97.49925999999999,5.517859999999999
THAILAND,THA,2018,94.0,98.0,99.0,ASIA,1.0,98.5,4.5
THAILAND,THA,2019,91.26915,98.46694,98.57724,ASIA,0.11030000000000939,98.52208999999999,7.252939999999995
THAILAND,THA,2022,91.09987,97.94499,98.42796,ASIA,0.48296999999999457,98.186475,7.086605000000006
TOGO,TGO,2000,53.0,84.0,64.0,AFRICA,20.0,74.0,21.0
TOGO,TGO,2006,57.0,85.0,68.0,AFRICA,17.0,76.5,19.5
TOGO,TGO,2009,57.0,88.0,75.0,AFRICA,13.0,81.5,24.5
TOGO,TGO,2010,57.0,88.0,51.42,AFRICA,36.58,69.71000000000001,12.710000000000008
TOGO,TGO,2011,60.0,87.0,73.0,AFRICA,14.0,80.0,20.0
TOGO,TGO,2014,60.0,88.61,67.68,AFRICA,20.929999999999993,78.14500000000001,18.14500000000001
TOGO,TGO,2015,64.0,90.0,78.0,AFRICA,12.0,84.0,20.0
TOGO,TGO,2017,64.0,89.43568,74.7365,AFRICA,14.699179999999998,82.08609000000001,18.086090000000013
TOGO,TGO,2019,67.0,92.0,84.0,AFRICA,8.0,88.0,21.0
TOGO,TGO,2022,72.59589,93.32553,87.65002,AFRICA,5.675510000000003,90.487775,17.891885000000002
TONGA,TON,1996,99.0,99.0,99.0,OCEANIA,0.0,99.0,0.0
TONGA,TON,2006,99.0,99.0,100.0,OCEANIA,1.0,99.5,0.5
TONGA,TON,2011,99.0,99.0,100.0,OCEANIA,1.0,99.5,0.5
TONGA,TON,2016,97.0,98.0,98.0,OCEANIA,0.0,98.0,1.0
TONGA,TON,2019,91.05162,99.91556,99.87335,OCEANIA,0.042209999999997194,99.894455,8.842834999999994
TRINIDAD AND TOBAGO,TTO,1990,97.0,99.0,99.0,NORTH AMERICA,0.0,99.0,2.0
TRINIDAD AND TOBAGO,TTO,2006,97.0,99.0,99.18,NORTH AMERICA,0.18000000000000682,99.09,2.0900000000000034
TRINIDAD AND TOBAGO,TTO,2022,97.0,89.05,99.7281,NORTH AMERICA,10.6781,94.38905,-2.6109500000000025
TUNISIA,TUN,2004,74.0,96.0,92.0,AFRICA,4.0,94.0,20.0
TUNISIA,TUN,2007,77.0,98.0,95.0,AFRICA,3.0,96.5,19.5
TUNISIA,TUN,2008,78.0,98.0,95.0,AFRICA,3.0,96.5,18.5
TUNISIA,TUN,2010,79.0,98.0,96.0,AFRICA,2.0,97.0,18.0
TUNISIA,TUN,2011,80.0,98.0,96.0,AFRICA,2.0,97.0,17.0
TUNISIA,TUN,2012,80.0,98.0,96.0,AFRICA,2.0,97.0,17.0
TUNISIA,TUN,2014,79.0,97.0,96.0,AFRICA,1.0,96.5,17.5
TUNISIA,TUN,2018,79.47511,98.38471,97.53666,AFRICA,0.8480500000000006,97.960685,18.485574999999997
TUNISIA,TUN,2019,81.0,97.0,97.0,AFRICA,0.0,97.0,16.0
TUNISIA,TUN,2021,83.68263,98.83691,99.05225,AFRICA,0.21533999999999764,98.94458,15.261949999999999
TUNISIA,TUN,2023,86.24682,98.1943,98.12705,AFRICA,0.06725000000000136,98.160675,11.913854999999998
TURKEY,TUR,1990,79.0,97.0,88.0,ASIA,9.0,92.5,13.5
TURKEY,TUR,2004,87.0,98.0,93.0,ASIA,5.0,95.5,8.5
TURKEY,TUR,2005,88.0,98.0,94.0,ASIA,4.0,96.0,8.0
TURKEY,TUR,2006,88.0,98.0,94.0,ASIA,4.0,96.0,8.0
TURKEY,TUR,2007,89.0,99.0,94.0,ASIA,5.0,96.5,7.5
TURKEY,TUR,2009,91.0,99.0,97.0,ASIA,2.0,98.0,7.0
TURKEY,TUR,2010,93.0,99.0,97.0,ASIA,2.0,98.0,5.0
TURKEY,TUR,2011,94.0,99.0,98.0,ASIA,1.0,98.5,4.5
TURKEY,TUR,2012,95.0,100.0,98.0,ASIA,2.0,99.0,4.0
TURKEY,TUR,2013,95.0,100.0,99.0,ASIA,1.0,99.5,4.5
TURKEY,TUR,2014,95.0,100.0,99.0,ASIA,1.0,99.5,4.5
TURKEY,TUR,2015,96.0,100.0,99.0,ASIA,1.0,99.5,3.5
TURKEY,TUR,2016,96.0,100.0,99.0,ASIA,1.0,99.5,3.5
TURKEY,TUR,2017,96.0,100.0,100.0,ASIA,0.0,100.0,4.0
TURKEY,TUR,2018,96.0,100.0,98.8,ASIA,1.2000000000000028,99.4,3.4000000000000057
TURKEY,TUR,2019,97.0,100.0,100.0,ASIA,0.0,100.0,3.0
TURKEY,TUR,2021,97.0,100.0,100.0,ASIA,0.0,100.0,3.0
TURKEY,TUR,2022,97.0,92.57,91.87,ASIA,0.6999999999999886,92.22,-4.780000000000001
TURKMENISTAN,TKM,1995,99.0,100.0,100.0,ASIA,0.0,100.0,1.0
TURKMENISTAN,TKM,2015,99.0,100.0,99.83259,ASIA,0.16741000000000383,99.91629499999999,0.916294999999991
TURKMENISTAN,TKM,2019,99.0,100.0,99.98405,ASIA,0.015950000000003683,99.992025,0.9920249999999982
TURKS AND CAICOS ISLANDS,TCA,2020,89.0,99.88,100.0,NORTH AMERICA,0.12000000000000455,99.94,10.939999999999998
TUVALU,TUV,2019,97.0,99.09656,98.50764,OCEANIA,0.5889200000000017,98.8021,1.8020999999999958
UGANDA,UGA,1991,56.0,77.0,63.0,AFRICA,14.0,70.0,14.0
UGANDA,UGA,2002,68.0,86.0,76.0,AFRICA,10.0,81.0,13.0
UGANDA,UGA,2006,71.0,87.0,81.0,AFRICA,6.0,84.0,13.0
UGANDA,UGA,2010,73.0,90.0,85.0,AFRICA,5.0,87.5,14.5
UGANDA,UGA,2012,70.0,86.0,82.0,AFRICA,4.0,84.0,14.0
UGANDA,UGA,2016,69.10132,81.41776,78.18981,AFRICA,3.227950000000007,79.803785,10.702465000000004
UKRAINE,UKR,2001,99.0,100.0,100.0,EUROPE,0.0,100.0,1.0
UKRAINE,UKR,2005,99.0,100.0,100.0,EUROPE,0.0,100.0,1.0
UNITED ARAB EMIRATES,ARE,2005,90.0,94.0,97.0,ASIA,3.0,95.5,5.5
UNITED ARAB EMIRATES,ARE,2019,98.0,98.0,99.0,ASIA,1.0,98.5,0.5
UNITED ARAB EMIRATES,ARE,2021,98.0,100.0,100.0,ASIA,0.0,100.0,2.0
UNITED ARAB EMIRATES,ARE,2022,98.0,100.0,100.0,ASIA,0.0,100.0,2.0
UNITED ARAB EMIRATES,ARE,2023,98.0,100.0,100.0,ASIA,0.0,100.0,2.0
URUGUAY,URY,1996,97.0,98.0,99.0,SOUTH AMERICA,1.0,98.5,1.5
URUGUAY,URY,2006,98.0,98.0,99.0,SOUTH AMERICA,1.0,98.5,0.5
URUGUAY,URY,2007,98.0,98.0,99.0,SOUTH AMERICA,1.0,98.5,0.5
URUGUAY,URY,2008,98.0,98.6,99.2,SOUTH AMERICA,0.6000000000000085,98.9,0.9000000000000057
URUGUAY,URY,2009,98.0,98.6,99.3,SOUTH AMERICA,0.7000000000000028,98.94999999999999,0.9499999999999886
URUGUAY,URY,2010,98.0,98.4,99.2,SOUTH AMERICA,0.7999999999999972,98.80000000000001,0.8000000000000114
URUGUAY,URY,2011,98.0,98.6,99.1,SOUTH AMERICA,0.5,98.85,0.8499999999999943
URUGUAY,URY,2012,98.0,98.6,99.3,SOUTH AMERICA,0.7000000000000028,98.94999999999999,0.9499999999999886
URUGUAY,URY,2013,98.0,98.6,99.3,SOUTH AMERICA,0.7000000000000028,98.94999999999999,0.9499999999999886
URUGUAY,URY,2014,98.0,98.3,99.4,SOUTH AMERICA,1.1000000000000085,98.85,0.8499999999999943
URUGUAY,URY,2015,99.0,98.6,99.2,SOUTH AMERICA,0.6000000000000085,98.9,-0.09999999999999432
URUGUAY,URY,2016,99.0,98.9,99.4,SOUTH AMERICA,0.5,99.15,0.15000000000000568
URUGUAY,URY,2017,99.0,98.6,99.3,SOUTH AMERICA,0.7000000000000028,98.94999999999999,-0.05000000000001137
URUGUAY,URY,2018,99.0,98.6,99.2,SOUTH AMERICA,0.6000000000000085,98.9,-0.09999999999999432
URUGUAY,URY,2019,99.0,98.7,99.3,SOUTH AMERICA,0.5999999999999943,99.0,0.0
URUGUAY,URY,2021,99.0,99.1,99.2,SOUTH AMERICA,0.10000000000000853,99.15,0.15000000000000568
URUGUAY,URY,2022,99.0,98.9,99.4,SOUTH AMERICA,0.5,99.15,0.15000000000000568
URUGUAY,URY,2023,99.0,98.7,99.4,SOUTH AMERICA,0.7000000000000028,99.05000000000001,0.05000000000001137
UZBEKISTAN,UZB,2000,99.0,100.0,100.0,ASIA,0.0,100.0,1.0
UZBEKISTAN,UZB,2006,99.0,100.0,100.0,ASIA,0.0,100.0,1.0
UZBEKISTAN,UZB,2013,100.0,100.0,100.0,ASIA,0.0,100.0,0.0
UZBEKISTAN,UZB,2014,100.0,100.0,100.0,ASIA,0.0,100.0,0.0
UZBEKISTAN,UZB,2015,100.0,100.0,100.0,ASIA,0.0,100.0,0.0
UZBEKISTAN,UZB,2016,100.0,100.0,100.0,ASIA,0.0,100.0,0.0
UZBEKISTAN,UZB,2018,100.0,100.0,100.0,ASIA,0.0,100.0,0.0
UZBEKISTAN,UZB,2019,100.0,100.0,100.0,ASIA,0.0,100.0,0.0
UZBEKISTAN,UZB,2021,100.0,100.0,100.0,ASIA,0.0,100.0,0.0
UZBEKISTAN,UZB,2022,100.0,100.0,100.0,ASIA,0.0,100.0,0.0
VANUATU,VUT,1999,74.0,76.0,68.0,OCEANIA,8.0,72.0,-2.0
VANUATU,VUT,2023,87.96032,93.36447,94.51224,OCEANIA,1.1477700000000084,93.938355,5.9780350000000055
VENEZUELA,VEN,1990,90.0,95.0,96.0,SOUTH AMERICA,1.0,95.5,5.5
VENEZUELA,VEN,2000,90.0,96.9,98.2,SOUTH AMERICA,1.2999999999999972,97.55000000000001,7.550000000000011
VENEZUELA,VEN,2001,93.0,97.0,98.3,SOUTH AMERICA,1.2999999999999972,97.65,4.650000000000006
VENEZUELA,VEN,2002,93.0,97.2,98.4,SOUTH AMERICA,1.2000000000000028,97.80000000000001,4.800000000000011
VENEZUELA,VEN,2003,93.0,97.2,98.5,SOUTH AMERICA,1.2999999999999972,97.85,4.849999999999994
VENEZUELA,VEN,2004,93.0,97.7,98.6,SOUTH AMERICA,0.8999999999999915,98.15,5.150000000000006
VENEZUELA,VEN,2005,93.0,97.6,98.5,SOUTH AMERICA,0.9000000000000057,98.05,5.049999999999997
VENEZUELA,VEN,2006,93.0,97.8,98.8,SOUTH AMERICA,1.0,98.3,5.299999999999997
VENEZUELA,VEN,2007,95.0,98.0,98.8,SOUTH AMERICA,0.7999999999999972,98.4,3.4000000000000057
VENEZUELA,VEN,2008,95.0,98.1,98.9,SOUTH AMERICA,0.8000000000000114,98.5,3.5
VENEZUELA,VEN,2009,96.0,98.3,98.8,SOUTH AMERICA,0.5,98.55,2.549999999999997
VENEZUELA,VEN,2010,96.0,98.1,98.8,SOUTH AMERICA,0.7000000000000028,98.44999999999999,2.4499999999999886
VENEZUELA,VEN,2011,95.0,98.3,99.0,SOUTH AMERICA,0.7000000000000028,98.65,3.6500000000000057
VENEZUELA,VEN,2012,95.0,98.6,99.1,SOUTH AMERICA,0.5,98.85,3.8499999999999943
VENEZUELA,VEN,2013,95.0,98.5,98.9,SOUTH AMERICA,0.4000000000000057,98.7,3.700000000000003
VENEZUELA,VEN,2014,95.0,98.6,99.2,SOUTH AMERICA,0.6000000000000085,98.9,3.9000000000000057
VENEZUELA,VEN,2015,97.0,99.0,99.0,SOUTH AMERICA,0.0,99.0,2.0
VENEZUELA,VEN,2016,97.0,98.0,99.0,SOUTH AMERICA,1.0,98.5,1.5
VIETNAM,VNM,1999,90.0,95.0,94.0,ASIA,1.0,94.5,4.5
VIETNAM,VNM,2000,90.0,96.0,94.0,ASIA,2.0,95.0,5.0
VIETNAM,VNM,2006,90.0,96.0,100.0,ASIA,4.0,98.0,8.0
VIETNAM,VNM,2009,94.0,97.0,97.0,ASIA,0.0,97.0,3.0
VIETNAM,VNM,2014,94.0,97.0,98.81,ASIA,1.8100000000000023,97.905,3.905000000000001
VIETNAM,VNM,2019,96.0,99.0,99.0,ASIA,0.0,99.0,3.0
VIETNAM,VNM,2020,96.0,97.48152,98.96916,ASIA,1.487639999999999,98.22534,2.2253400000000028
VIETNAM,VNM,2022,96.0,99.0,99.0,ASIA,0.0,99.0,3.0
YEMEN,YEM,1994,37.0,83.0,35.0,ASIA,48.0,59.0,22.0
YEMEN,YEM,2006,37.0,83.0,65.66,ASIA,17.340000000000003,74.33,37.33
YEMEN,YEM,2013,37.0,83.0,64.08,ASIA,18.92,73.53999999999999,36.53999999999999
YEMEN,YEM,2023,37.0,61.76,76.91698,ASIA,15.156979999999997,69.33849,32.33848999999999
ZAMBIA,ZMB,1990,65.0,67.0,66.0,AFRICA,1.0,66.5,1.5
ZAMBIA,ZMB,1999,68.0,73.0,66.0,AFRICA,7.0,69.5,1.5
ZAMBIA,ZMB,2002,69.0,78.0,66.0,AFRICA,12.0,72.0,3.0
ZAMBIA,ZMB,2010,83.0,91.0,87.0,AFRICA,4.0,89.0,6.0
ZAMBIA,ZMB,2018,71.1323,82.44786,72.90992,AFRICA,9.537940000000006,77.67889,6.546589999999995
ZIMBABWE,ZWE,1992,84.0,97.0,94.0,AFRICA,3.0,95.5,11.5
ZIMBABWE,ZWE,2009,84.0,97.0,95.65,AFRICA,1.3499999999999943,96.325,12.325000000000003
ZIMBABWE,ZWE,2014,84.0,97.0,96.31,AFRICA,0.6899999999999977,96.655,12.655000000000001
ZIMBABWE,ZWE,2019,93.22755,90.77383,94.2159,AFRICA,3.442070000000001,92.494865,-0.7326849999999894
